filename, language, JSON, Properties, XML, Markdown, C#, JSON with Comments, JavaScript, HTML, TypeScript, CSS, SQL, SCSS, Batch, comment, blank, total
c:\Users\tadak\source\repos\XYZ-To-Do\.editorconfig, Properties, 0, 10, 0, 0, 0, 0, 0, 0, 0, 0, 0, 0, 0, 1, 3, 14
c:\Users\tadak\source\repos\XYZ-To-Do\.vs\VSWorkspaceState.json, JSON, 6, 0, 0, 0, 0, 0, 0, 0, 0, 0, 0, 0, 0, 0, 0, 6
c:\Users\tadak\source\repos\XYZ-To-Do\Controllers\AuthController.cs, C#, 0, 0, 0, 0, 171, 0, 0, 0, 0, 0, 0, 0, 0, 39, 40, 250
c:\Users\tadak\source\repos\XYZ-To-Do\Controllers\FilesController.cs, C#, 0, 0, 0, 0, 283, 0, 0, 0, 0, 0, 0, 0, 0, 19, 45, 347
c:\Users\tadak\source\repos\XYZ-To-Do\Controllers\MemberLicenseController.cs, C#, 0, 0, 0, 0, 108, 0, 0, 0, 0, 0, 0, 0, 0, 8, 21, 137
c:\Users\tadak\source\repos\XYZ-To-Do\Controllers\MemberSettingController.cs, C#, 0, 0, 0, 0, 51, 0, 0, 0, 0, 0, 0, 0, 0, 0, 5, 56
c:\Users\tadak\source\repos\XYZ-To-Do\Controllers\MembersController.cs, C#, 0, 0, 0, 0, 74, 0, 0, 0, 0, 0, 0, 0, 0, 2, 8, 84
c:\Users\tadak\source\repos\XYZ-To-Do\Controllers\PrivateTalkMessagesController.cs, C#, 0, 0, 0, 0, 81, 0, 0, 0, 0, 0, 0, 0, 0, 0, 8, 89
c:\Users\tadak\source\repos\XYZ-To-Do\Controllers\PrivateTalkReceiversController.cs, C#, 0, 0, 0, 0, 83, 0, 0, 0, 0, 0, 0, 0, 0, 38, 21, 142
c:\Users\tadak\source\repos\XYZ-To-Do\Controllers\PrivateTalkTeamReceiversController.cs, C#, 0, 0, 0, 0, 83, 0, 0, 0, 0, 0, 0, 0, 0, 10, 9, 102
c:\Users\tadak\source\repos\XYZ-To-Do\Controllers\PrivateTalksController.cs, C#, 0, 0, 0, 0, 188, 0, 0, 0, 0, 0, 0, 0, 0, 11, 28, 227
c:\Users\tadak\source\repos\XYZ-To-Do\Controllers\ProjectToDoCommentsController.cs, C#, 0, 0, 0, 0, 85, 0, 0, 0, 0, 0, 0, 0, 0, 0, 7, 92
c:\Users\tadak\source\repos\XYZ-To-Do\Controllers\ProjectToDosController.cs, C#, 0, 0, 0, 0, 156, 0, 0, 0, 0, 0, 0, 0, 0, 0, 12, 168
c:\Users\tadak\source\repos\XYZ-To-Do\Controllers\ProjectsController.cs, C#, 0, 0, 0, 0, 144, 0, 0, 0, 0, 0, 0, 0, 0, 1, 13, 158
c:\Users\tadak\source\repos\XYZ-To-Do\Controllers\QuickToDoCommentsController.cs, C#, 0, 0, 0, 0, 85, 0, 0, 0, 0, 0, 0, 0, 0, 0, 6, 91
c:\Users\tadak\source\repos\XYZ-To-Do\Controllers\QuickToDosController.cs, C#, 0, 0, 0, 0, 153, 0, 0, 0, 0, 0, 0, 0, 0, 2, 21, 176
c:\Users\tadak\source\repos\XYZ-To-Do\Controllers\TeamMembersController.cs, C#, 0, 0, 0, 0, 162, 0, 0, 0, 0, 0, 0, 0, 0, 0, 13, 175
c:\Users\tadak\source\repos\XYZ-To-Do\Controllers\TeamsController.cs, C#, 0, 0, 0, 0, 146, 0, 0, 0, 0, 0, 0, 0, 0, 2, 13, 161
c:\Users\tadak\source\repos\XYZ-To-Do\Controllers\ValuesController.cs, C#, 0, 0, 0, 0, 34, 0, 0, 0, 0, 0, 0, 0, 0, 6, 6, 46
c:\Users\tadak\source\repos\XYZ-To-Do\Hubs\CommentNotificationHub.cs, C#, 0, 0, 0, 0, 0, 0, 0, 0, 0, 0, 0, 0, 0, 219, 41, 260
c:\Users\tadak\source\repos\XYZ-To-Do\Hubs\ContainerBlobNotificationHub.cs, C#, 0, 0, 0, 0, 0, 0, 0, 0, 0, 0, 0, 0, 0, 151, 42, 193
c:\Users\tadak\source\repos\XYZ-To-Do\Hubs\ContainerNotificationHub.cs, C#, 0, 0, 0, 0, 0, 0, 0, 0, 0, 0, 0, 0, 0, 150, 42, 192
c:\Users\tadak\source\repos\XYZ-To-Do\Hubs\PrivateTalkMessageNotificationHub.cs, C#, 0, 0, 0, 0, 0, 0, 0, 0, 0, 0, 0, 0, 0, 124, 24, 148
c:\Users\tadak\source\repos\XYZ-To-Do\Hubs\PrivateTalkNotificationHub.cs, C#, 0, 0, 0, 0, 0, 0, 0, 0, 0, 0, 0, 0, 0, 195, 41, 236
c:\Users\tadak\source\repos\XYZ-To-Do\Hubs\ProjectNotificationHub.cs, C#, 0, 0, 0, 0, 0, 0, 0, 0, 0, 0, 0, 0, 0, 217, 48, 265
c:\Users\tadak\source\repos\XYZ-To-Do\Hubs\ProjectToDoNotificationHub.cs, C#, 0, 0, 0, 0, 0, 0, 0, 0, 0, 0, 0, 0, 0, 190, 38, 228
c:\Users\tadak\source\repos\XYZ-To-Do\Hubs\QuickToDoNotificationHub.cs, C#, 0, 0, 0, 0, 0, 0, 0, 0, 0, 0, 0, 0, 0, 196, 31, 227
c:\Users\tadak\source\repos\XYZ-To-Do\Hubs\TeamMemberNotificationHub.cs, C#, 0, 0, 0, 0, 0, 0, 0, 0, 0, 0, 0, 0, 0, 169, 32, 201
c:\Users\tadak\source\repos\XYZ-To-Do\Hubs\XyzekiNotificationHub.cs, C#, 0, 0, 0, 0, 1087, 0, 0, 0, 0, 0, 0, 0, 0, 82, 269, 1438
c:\Users\tadak\source\repos\XYZ-To-Do\Infrastructure\Abstract\IConfigurationHelpers.cs, C#, 0, 0, 0, 0, 9, 0, 0, 0, 0, 0, 0, 0, 0, 0, 2, 11
c:\Users\tadak\source\repos\XYZ-To-Do\Infrastructure\Abstract\ICryptoHelpers.cs, C#, 0, 0, 0, 0, 11, 0, 0, 0, 0, 0, 0, 0, 0, 0, 3, 14
c:\Users\tadak\source\repos\XYZ-To-Do\Infrastructure\Abstract\IJWTHelpers.cs, C#, 0, 0, 0, 0, 11, 0, 0, 0, 0, 0, 0, 0, 0, 0, 2, 13
c:\Users\tadak\source\repos\XYZ-To-Do\Infrastructure\ConfigurationHelpers.cs, C#, 0, 0, 0, 0, 20, 0, 0, 0, 0, 0, 0, 0, 0, 90, 29, 139
c:\Users\tadak\source\repos\XYZ-To-Do\Infrastructure\ConnectionMapping.cs, C#, 0, 0, 0, 0, 73, 0, 0, 0, 0, 0, 0, 0, 0, 2, 9, 84
c:\Users\tadak\source\repos\XYZ-To-Do\Infrastructure\CryptoHelpers.cs, C#, 0, 0, 0, 0, 50, 0, 0, 0, 0, 0, 0, 0, 0, 14, 13, 77
c:\Users\tadak\source\repos\XYZ-To-Do\Infrastructure\CustomUserIdProvider.cs, C#, 0, 0, 0, 0, 9, 0, 0, 0, 0, 0, 0, 0, 0, 0, 1, 10
c:\Users\tadak\source\repos\XYZ-To-Do\Infrastructure\ErrorCodes.cs, C#, 0, 0, 0, 0, 14, 0, 0, 0, 0, 0, 0, 0, 0, 1, 4, 19
c:\Users\tadak\source\repos\XYZ-To-Do\Infrastructure\JWTHelpers.cs, C#, 0, 0, 0, 0, 48, 0, 0, 0, 0, 0, 0, 0, 0, 14, 9, 71
c:\Users\tadak\source\repos\XYZ-To-Do\Infrastructure\Middlewares\WebSocketsMiddleware.cs, C#, 0, 0, 0, 0, 27, 0, 0, 0, 0, 0, 0, 0, 0, 2, 5, 34
c:\Users\tadak\source\repos\XYZ-To-Do\Infrastructure\PrivacyModes.cs, C#, 0, 0, 0, 0, 8, 0, 0, 0, 0, 0, 0, 0, 0, 0, 0, 8
c:\Users\tadak\source\repos\XYZ-To-Do\Models\Abstract\IAuthRepository.cs, C#, 0, 0, 0, 0, 16, 0, 0, 0, 0, 0, 0, 0, 0, 1, 5, 22
c:\Users\tadak\source\repos\XYZ-To-Do\Models\Abstract\IMemberLicenseRepository.cs, C#, 0, 0, 0, 0, 18, 0, 0, 0, 0, 0, 0, 0, 0, 2, 12, 32
c:\Users\tadak\source\repos\XYZ-To-Do\Models\Abstract\IMemberRepository.cs, C#, 0, 0, 0, 0, 14, 0, 0, 0, 0, 0, 0, 0, 0, 0, 4, 18
c:\Users\tadak\source\repos\XYZ-To-Do\Models\Abstract\IMemberSettingRepository.cs, C#, 0, 0, 0, 0, 12, 0, 0, 0, 0, 0, 0, 0, 0, 0, 4, 16
c:\Users\tadak\source\repos\XYZ-To-Do\Models\Abstract\IPrivateTalkMessageRepository.cs, C#, 0, 0, 0, 0, 14, 0, 0, 0, 0, 0, 0, 0, 0, 1, 5, 20
c:\Users\tadak\source\repos\XYZ-To-Do\Models\Abstract\IPrivateTalkReceiverRepository.cs, C#, 0, 0, 0, 0, 17, 0, 0, 0, 0, 0, 0, 0, 0, 1, 5, 23
c:\Users\tadak\source\repos\XYZ-To-Do\Models\Abstract\IPrivateTalkRepository.cs, C#, 0, 0, 0, 0, 24, 0, 0, 0, 0, 0, 0, 0, 0, 1, 13, 38
c:\Users\tadak\source\repos\XYZ-To-Do\Models\Abstract\IPrivateTalkTeamReceiverRepository.cs, C#, 0, 0, 0, 0, 17, 0, 0, 0, 0, 0, 0, 0, 0, 1, 5, 23
c:\Users\tadak\source\repos\XYZ-To-Do\Models\Abstract\IProjectRepository.cs, C#, 0, 0, 0, 0, 20, 0, 0, 0, 0, 0, 0, 0, 0, 3, 12, 35
c:\Users\tadak\source\repos\XYZ-To-Do\Models\Abstract\IProjectToDoCommentRepository.cs, C#, 0, 0, 0, 0, 15, 0, 0, 0, 0, 0, 0, 0, 0, 1, 5, 21
c:\Users\tadak\source\repos\XYZ-To-Do\Models\Abstract\IProjectToDoRepository.cs, C#, 0, 0, 0, 0, 20, 0, 0, 0, 0, 0, 0, 0, 0, 3, 8, 31
c:\Users\tadak\source\repos\XYZ-To-Do\Models\Abstract\IQuickTodoCommentRepository.cs, C#, 0, 0, 0, 0, 15, 0, 0, 0, 0, 0, 0, 0, 0, 1, 5, 21
c:\Users\tadak\source\repos\XYZ-To-Do\Models\Abstract\IQuickTodoRepository.cs, C#, 0, 0, 0, 0, 20, 0, 0, 0, 0, 0, 0, 0, 0, 0, 6, 26
c:\Users\tadak\source\repos\XYZ-To-Do\Models\Abstract\ITeamMemberRepository.cs, C#, 0, 0, 0, 0, 21, 0, 0, 0, 0, 0, 0, 0, 0, 1, 8, 30
c:\Users\tadak\source\repos\XYZ-To-Do\Models\Abstract\ITeamRepository.cs, C#, 0, 0, 0, 0, 19, 0, 0, 0, 0, 0, 0, 0, 0, 1, 12, 32
c:\Users\tadak\source\repos\XYZ-To-Do\Models\AzureModels\CloudContainer.cs, C#, 0, 0, 0, 0, 32, 0, 0, 0, 0, 0, 0, 0, 0, 0, 3, 35
c:\Users\tadak\source\repos\XYZ-To-Do\Models\AzureModels\CloudContainersModel.cs, C#, 0, 0, 0, 0, 44, 0, 0, 0, 0, 0, 0, 0, 0, 0, 1, 45
c:\Users\tadak\source\repos\XYZ-To-Do\Models\AzureModels\CloudFile.cs, C#, 0, 0, 0, 0, 42, 0, 0, 0, 0, 0, 0, 0, 0, 0, 10, 52
c:\Users\tadak\source\repos\XYZ-To-Do\Models\AzureModels\CloudFilesModel.cs, C#, 0, 0, 0, 0, 44, 0, 0, 0, 0, 0, 0, 0, 0, 2, 1, 47
c:\Users\tadak\source\repos\XYZ-To-Do\Models\Connection.cs, C#, 0, 0, 0, 0, 13, 0, 0, 0, 0, 0, 0, 0, 0, 0, 3, 16
c:\Users\tadak\source\repos\XYZ-To-Do\Models\ConnectionComment.cs, C#, 0, 0, 0, 0, 13, 0, 0, 0, 0, 0, 0, 0, 0, 0, 3, 16
c:\Users\tadak\source\repos\XYZ-To-Do\Models\ConnectionContainer.cs, C#, 0, 0, 0, 0, 13, 0, 0, 0, 0, 0, 0, 0, 0, 0, 3, 16
c:\Users\tadak\source\repos\XYZ-To-Do\Models\ConnectionContainerBlob.cs, C#, 0, 0, 0, 0, 13, 0, 0, 0, 0, 0, 0, 0, 0, 0, 3, 16
c:\Users\tadak\source\repos\XYZ-To-Do\Models\ConnectionPrivateTalk.cs, C#, 0, 0, 0, 0, 13, 0, 0, 0, 0, 0, 0, 0, 0, 0, 3, 16
c:\Users\tadak\source\repos\XYZ-To-Do\Models\ConnectionPrivateTalkMessage.cs, C#, 0, 0, 0, 0, 13, 0, 0, 0, 0, 0, 0, 0, 0, 0, 3, 16
c:\Users\tadak\source\repos\XYZ-To-Do\Models\ConnectionProject.cs, C#, 0, 0, 0, 0, 13, 0, 0, 0, 0, 0, 0, 0, 0, 0, 3, 16
c:\Users\tadak\source\repos\XYZ-To-Do\Models\ConnectionProjectToDo.cs, C#, 0, 0, 0, 0, 13, 0, 0, 0, 0, 0, 0, 0, 0, 0, 3, 16
c:\Users\tadak\source\repos\XYZ-To-Do\Models\ConnectionQuickToDo.cs, C#, 0, 0, 0, 0, 13, 0, 0, 0, 0, 0, 0, 0, 0, 0, 3, 16
c:\Users\tadak\source\repos\XYZ-To-Do\Models\ConnectionTeamMember.cs, C#, 0, 0, 0, 0, 13, 0, 0, 0, 0, 0, 0, 0, 0, 0, 3, 16
c:\Users\tadak\source\repos\XYZ-To-Do\Models\ConnectionXyzeki.cs, C#, 0, 0, 0, 0, 13, 0, 0, 0, 0, 0, 0, 0, 0, 0, 3, 16
c:\Users\tadak\source\repos\XYZ-To-Do\Models\DatabasePersistanceLayer\XYZToDoSQLDbContext.cs, C#, 0, 0, 0, 0, 531, 0, 0, 0, 0, 0, 0, 0, 0, 2, 171, 704
c:\Users\tadak\source\repos\XYZ-To-Do\Models\ForgotPassword.cs, C#, 0, 0, 0, 0, 12, 0, 0, 0, 0, 0, 0, 0, 0, 0, 3, 15
c:\Users\tadak\source\repos\XYZ-To-Do\Models\Member.cs, C#, 0, 0, 0, 0, 72, 0, 0, 0, 0, 0, 0, 0, 0, 0, 4, 76
c:\Users\tadak\source\repos\XYZ-To-Do\Models\MemberLicense.cs, C#, 0, 0, 0, 0, 23, 0, 0, 0, 0, 0, 0, 0, 0, 0, 3, 26
c:\Users\tadak\source\repos\XYZ-To-Do\Models\MemberLicenseUsedStorage.cs, C#, 0, 0, 0, 0, 11, 0, 0, 0, 0, 0, 0, 0, 0, 0, 3, 14
c:\Users\tadak\source\repos\XYZ-To-Do\Models\MemberSetting.cs, C#, 0, 0, 0, 0, 14, 0, 0, 0, 0, 0, 0, 0, 0, 0, 3, 17
c:\Users\tadak\source\repos\XYZ-To-Do\Models\PrivateTalk.cs, C#, 0, 0, 0, 0, 33, 0, 0, 0, 0, 0, 0, 0, 0, 0, 3, 36
c:\Users\tadak\source\repos\XYZ-To-Do\Models\PrivateTalkLastSeen.cs, C#, 0, 0, 0, 0, 17, 0, 0, 0, 0, 0, 0, 0, 0, 0, 3, 20
c:\Users\tadak\source\repos\XYZ-To-Do\Models\PrivateTalkMessage.cs, C#, 0, 0, 0, 0, 18, 0, 0, 0, 0, 0, 0, 0, 0, 0, 3, 21
c:\Users\tadak\source\repos\XYZ-To-Do\Models\PrivateTalkReceiver.cs, C#, 0, 0, 0, 0, 16, 0, 0, 0, 0, 0, 0, 0, 0, 0, 2, 18
c:\Users\tadak\source\repos\XYZ-To-Do\Models\PrivateTalkTeamReceiver.cs, C#, 0, 0, 0, 0, 16, 0, 0, 0, 0, 0, 0, 0, 0, 0, 3, 19
c:\Users\tadak\source\repos\XYZ-To-Do\Models\Project.cs, C#, 0, 0, 0, 0, 23, 0, 0, 0, 0, 0, 0, 0, 0, 0, 4, 27
c:\Users\tadak\source\repos\XYZ-To-Do\Models\ProjectTask.cs, C#, 0, 0, 0, 0, 29, 0, 0, 0, 0, 0, 0, 0, 0, 0, 4, 33
c:\Users\tadak\source\repos\XYZ-To-Do\Models\ProjectTaskComment.cs, C#, 0, 0, 0, 0, 16, 0, 0, 0, 0, 0, 0, 0, 0, 0, 3, 19
c:\Users\tadak\source\repos\XYZ-To-Do\Models\QuickTask.cs, C#, 0, 0, 0, 0, 27, 0, 0, 0, 0, 0, 0, 0, 0, 0, 4, 31
c:\Users\tadak\source\repos\XYZ-To-Do\Models\QuickTaskComment.cs, C#, 0, 0, 0, 0, 16, 0, 0, 0, 0, 0, 0, 0, 0, 0, 3, 19
c:\Users\tadak\source\repos\XYZ-To-Do\Models\Repository\AuthRepository.cs, C#, 0, 0, 0, 0, 201, 0, 0, 0, 0, 0, 0, 0, 0, 34, 77, 312
c:\Users\tadak\source\repos\XYZ-To-Do\Models\Repository\MemberLicenseRepository.cs, C#, 0, 0, 0, 0, 94, 0, 0, 0, 0, 0, 0, 0, 0, 0, 18, 112
c:\Users\tadak\source\repos\XYZ-To-Do\Models\Repository\MemberRepository.cs, C#, 0, 0, 0, 0, 101, 0, 0, 0, 0, 0, 0, 0, 0, 2, 13, 116
c:\Users\tadak\source\repos\XYZ-To-Do\Models\Repository\MemberSettingRepository.cs, C#, 0, 0, 0, 0, 43, 0, 0, 0, 0, 0, 0, 0, 0, 0, 5, 48
c:\Users\tadak\source\repos\XYZ-To-Do\Models\Repository\PrivateTalkMessageRepository.cs, C#, 0, 0, 0, 0, 55, 0, 0, 0, 0, 0, 0, 0, 0, 19, 16, 90
c:\Users\tadak\source\repos\XYZ-To-Do\Models\Repository\PrivateTalkReceiverRepository.cs, C#, 0, 0, 0, 0, 106, 0, 0, 0, 0, 0, 0, 0, 0, 2, 18, 126
c:\Users\tadak\source\repos\XYZ-To-Do\Models\Repository\PrivateTalkRepository.cs, C#, 0, 0, 0, 0, 246, 0, 0, 0, 0, 0, 0, 0, 0, 9, 63, 318
c:\Users\tadak\source\repos\XYZ-To-Do\Models\Repository\PrivateTalkTeamReceiverRepository.cs, C#, 0, 0, 0, 0, 90, 0, 0, 0, 0, 0, 0, 0, 0, 1, 18, 109
c:\Users\tadak\source\repos\XYZ-To-Do\Models\Repository\ProjectRepository.cs, C#, 0, 0, 0, 0, 129, 0, 0, 0, 0, 0, 0, 0, 0, 28, 25, 182
c:\Users\tadak\source\repos\XYZ-To-Do\Models\Repository\ProjectToDoCommentRepository.cs, C#, 0, 0, 0, 0, 59, 0, 0, 0, 0, 0, 0, 0, 0, 0, 6, 65
c:\Users\tadak\source\repos\XYZ-To-Do\Models\Repository\ProjectToDoRepository.cs, C#, 0, 0, 0, 0, 139, 0, 0, 0, 0, 0, 0, 0, 0, 0, 16, 155
c:\Users\tadak\source\repos\XYZ-To-Do\Models\Repository\QuickToDoRepository.cs, C#, 0, 0, 0, 0, 160, 0, 0, 0, 0, 0, 0, 0, 0, 30, 21, 211
c:\Users\tadak\source\repos\XYZ-To-Do\Models\Repository\QuickTodoCommentRepository.cs, C#, 0, 0, 0, 0, 60, 0, 0, 0, 0, 0, 0, 0, 0, 0, 9, 69
c:\Users\tadak\source\repos\XYZ-To-Do\Models\Repository\TeamMemberRepository.cs, C#, 0, 0, 0, 0, 216, 0, 0, 0, 0, 0, 0, 0, 0, 29, 50, 295
c:\Users\tadak\source\repos\XYZ-To-Do\Models\Repository\TeamRepository.cs, C#, 0, 0, 0, 0, 107, 0, 0, 0, 0, 0, 0, 0, 0, 0, 10, 117
c:\Users\tadak\source\repos\XYZ-To-Do\Models\Team.cs, C#, 0, 0, 0, 0, 19, 0, 0, 0, 0, 0, 0, 0, 0, 0, 4, 23
c:\Users\tadak\source\repos\XYZ-To-Do\Models\TeamMember.cs, C#, 0, 0, 0, 0, 14, 0, 0, 0, 0, 0, 0, 0, 0, 0, 3, 17
c:\Users\tadak\source\repos\XYZ-To-Do\Models\ViewModels\CommentCountModel.cs, C#, 0, 0, 0, 0, 9, 0, 0, 0, 0, 0, 0, 0, 0, 0, 2, 11
c:\Users\tadak\source\repos\XYZ-To-Do\Models\ViewModels\LoginModel.cs, C#, 0, 0, 0, 0, 9, 0, 0, 0, 0, 0, 0, 0, 0, 0, 2, 11
c:\Users\tadak\source\repos\XYZ-To-Do\Models\ViewModels\MessageCountModel.cs, C#, 0, 0, 0, 0, 10, 0, 0, 0, 0, 0, 0, 0, 0, 0, 3, 13
c:\Users\tadak\source\repos\XYZ-To-Do\Models\ViewModels\PrivateTalkInsideOut.cs, C#, 0, 0, 0, 0, 12, 0, 0, 0, 0, 0, 0, 0, 0, 0, 2, 14
c:\Users\tadak\source\repos\XYZ-To-Do\Models\ViewModels\ProjectOrderModel.cs, C#, 0, 0, 0, 0, 9, 0, 0, 0, 0, 0, 0, 0, 0, 0, 2, 11
c:\Users\tadak\source\repos\XYZ-To-Do\Models\ViewModels\RecaptchaUserResponse.cs, C#, 0, 0, 0, 0, 11, 0, 0, 0, 0, 0, 0, 0, 0, 1, 5, 17
c:\Users\tadak\source\repos\XYZ-To-Do\Models\ViewModels\RegisterModel.cs, C#, 0, 0, 0, 0, 15, 0, 0, 0, 0, 0, 0, 0, 0, 0, 3, 18
c:\Users\tadak\source\repos\XYZ-To-Do\Models\ViewModels\ReturnModel.cs, C#, 0, 0, 0, 0, 11, 0, 0, 0, 0, 0, 0, 0, 0, 1, 2, 14
c:\Users\tadak\source\repos\XYZ-To-Do\Models\ViewModels\SecurityCodeModel.cs, C#, 0, 0, 0, 0, 9, 0, 0, 0, 0, 0, 0, 0, 0, 0, 2, 11
c:\Users\tadak\source\repos\XYZ-To-Do\Models\ViewModels\TaskOrderModel.cs, C#, 0, 0, 0, 0, 9, 0, 0, 0, 0, 0, 0, 0, 0, 0, 2, 11
c:\Users\tadak\source\repos\XYZ-To-Do\PWA2APKApp\assetlinks.json, JSON, 10, 0, 0, 0, 0, 0, 0, 0, 0, 0, 0, 0, 0, 0, 0, 10
c:\Users\tadak\source\repos\XYZ-To-Do\PWA2APKApp\keystore.properties, Properties, 0, 4, 0, 0, 0, 0, 0, 0, 0, 0, 0, 0, 0, 0, 0, 4
c:\Users\tadak\source\repos\XYZ-To-Do\PWABuilderApp\Next-steps.md, Markdown, 0, 0, 0, 8, 0, 0, 0, 0, 0, 0, 0, 0, 0, 0, 6, 14
c:\Users\tadak\source\repos\XYZ-To-Do\PWABuilderApp\assetlinks.json, JSON, 10, 0, 0, 0, 0, 0, 0, 0, 0, 0, 0, 0, 0, 0, 0, 10
c:\Users\tadak\source\repos\XYZ-To-Do\Program.cs, C#, 0, 0, 0, 0, 23, 0, 0, 0, 0, 0, 0, 0, 0, 0, 3, 26
c:\Users\tadak\source\repos\XYZ-To-Do\Properties\launchSettings.json, JSON, 22, 0, 0, 0, 0, 0, 0, 0, 0, 0, 0, 0, 0, 0, 0, 22
c:\Users\tadak\source\repos\XYZ-To-Do\README.md, Markdown, 0, 0, 0, 19, 0, 0, 0, 0, 0, 0, 0, 0, 0, 0, 18, 37
c:\Users\tadak\source\repos\XYZ-To-Do\Startup.cs, C#, 0, 0, 0, 0, 136, 0, 0, 0, 0, 0, 0, 0, 0, 68, 54, 258
c:\Users\tadak\source\repos\XYZ-To-Do\T-SQL Ref and Utilities, Reporting System, Problem Solvings\Louis-Charles Gagnon Blog _ Microsoft Azure App Service - Set TimeZone for your web application.html, HTML, 0, 0, 0, 0, 0, 0, 0, 342, 0, 0, 0, 0, 0, 15, 89, 446
c:\Users\tadak\source\repos\XYZ-To-Do\T-SQL Ref and Utilities, Reporting System, Problem Solvings\agents in sql server2017 expr\backup.bat, Batch, 0, 0, 0, 0, 0, 0, 0, 0, 0, 0, 0, 0, 1, 0, 0, 1
c:\Users\tadak\source\repos\XYZ-To-Do\T-SQL Ref and Utilities, Reporting System, Problem Solvings\agents in sql server2017 expr\backup.sql, SQL, 0, 0, 0, 0, 0, 0, 0, 0, 0, 0, 1, 0, 0, 0, 1, 2
c:\Users\tadak\source\repos\XYZ-To-Do\T-SQL Ref and Utilities, Reporting System, Problem Solvings\t-sql reference\emai.sql, SQL, 0, 0, 0, 0, 0, 0, 0, 0, 0, 0, 29, 0, 0, 0, 28, 57
c:\Users\tadak\source\repos\XYZ-To-Do\T-SQL Ref and Utilities, Reporting System, Problem Solvings\t-sql reference\looping script.sql, SQL, 0, 0, 0, 0, 0, 0, 0, 0, 0, 0, 43, 0, 0, 5, 10, 58
c:\Users\tadak\source\repos\XYZ-To-Do\T-SQL Ref and Utilities, Reporting System, Problem Solvings\t-sql reference\timeops.sql, SQL, 0, 0, 0, 0, 0, 0, 0, 0, 0, 0, 75, 0, 0, 11, 52, 138
c:\Users\tadak\source\repos\XYZ-To-Do\T-SQL Ref and Utilities, Reporting System, Problem Solvings\t-sql reference\xyztodosemail.sql, SQL, 0, 0, 0, 0, 0, 0, 0, 0, 0, 0, 29, 0, 0, 0, 30, 59
c:\Users\tadak\source\repos\XYZ-To-Do\T-SQL Ref and Utilities, Reporting System, Problem Solvings\Çalışan E-Mail Scripti.sql, SQL, 0, 0, 0, 0, 0, 0, 0, 0, 0, 0, 338, 0, 0, 39, 222, 599
c:\Users\tadak\source\repos\XYZ-To-Do\T-SQL Ref and Utilities, Reporting System, Problem Solvings\Çalışan Rapor Testi.html, HTML, 0, 0, 0, 0, 0, 0, 0, 60, 0, 0, 0, 0, 0, 0, 1, 61
c:\Users\tadak\source\repos\XYZ-To-Do\T-SQL Ref and Utilities, Reporting System, Problem Solvings\İşveren E-Mail Scripti.sql, SQL, 0, 0, 0, 0, 0, 0, 0, 0, 0, 0, 183, 0, 0, 36, 104, 323
c:\Users\tadak\source\repos\XYZ-To-Do\T-SQL Ref and Utilities, Reporting System, Problem Solvings\İşveren Rapor Testi.html, HTML, 0, 0, 0, 0, 0, 0, 0, 43, 0, 0, 0, 0, 0, 0, 0, 43
c:\Users\tadak\source\repos\XYZ-To-Do\XYZToDo.csproj, XML, 0, 0, 21, 0, 0, 0, 0, 0, 0, 0, 0, 0, 0, 0, 7, 28
c:\Users\tadak\source\repos\XYZ-To-Do\XYZToDoWorkspace.code-workspace, JSON with Comments, 0, 0, 0, 0, 0, 7, 0, 0, 0, 0, 0, 0, 0, 0, 0, 7
c:\Users\tadak\source\repos\XYZ-To-Do\angular.json, JSON, 106, 0, 0, 0, 0, 0, 0, 0, 0, 0, 0, 0, 0, 35, 0, 141
c:\Users\tadak\source\repos\XYZ-To-Do\appsettings.Development.json, JSON, 10, 0, 0, 0, 0, 0, 0, 0, 0, 0, 0, 0, 0, 0, 1, 11
c:\Users\tadak\source\repos\XYZ-To-Do\appsettings.json, JSON, 47, 0, 0, 0, 0, 0, 0, 0, 0, 0, 0, 0, 0, 0, 8, 55
c:\Users\tadak\source\repos\XYZ-To-Do\bin\Debug\netcoreapp2.0\XYZToDo.deps.json, JSON, 6101, 0, 0, 0, 0, 0, 0, 0, 0, 0, 0, 0, 0, 0, 0, 6101
c:\Users\tadak\source\repos\XYZ-To-Do\bin\Debug\netcoreapp2.0\XYZToDo.runtimeconfig.dev.json, JSON, 9, 0, 0, 0, 0, 0, 0, 0, 0, 0, 0, 0, 0, 0, 0, 9
c:\Users\tadak\source\repos\XYZ-To-Do\bin\Debug\netcoreapp2.0\XYZToDo.runtimeconfig.json, JSON, 12, 0, 0, 0, 0, 0, 0, 0, 0, 0, 0, 0, 0, 0, 0, 12
c:\Users\tadak\source\repos\XYZ-To-Do\e2e\protractor.conf.js, JavaScript, 0, 0, 0, 0, 0, 0, 24, 0, 0, 0, 0, 0, 0, 2, 2, 28
c:\Users\tadak\source\repos\XYZ-To-Do\e2e\src\app.e2e-spec.ts, TypeScript, 0, 0, 0, 0, 0, 0, 0, 0, 18, 0, 0, 0, 0, 1, 5, 24
c:\Users\tadak\source\repos\XYZ-To-Do\e2e\src\app.po.ts, TypeScript, 0, 0, 0, 0, 0, 0, 0, 0, 9, 0, 0, 0, 0, 0, 3, 12
c:\Users\tadak\source\repos\XYZ-To-Do\e2e\tsconfig.e2e.json, JSON, 13, 0, 0, 0, 0, 0, 0, 0, 0, 0, 0, 0, 0, 0, 0, 13
c:\Users\tadak\source\repos\XYZ-To-Do\obj\Debug\netcoreapp2.0\XYZToDo.AssemblyInfo.cs, C#, 0, 0, 0, 0, 9, 0, 0, 0, 0, 0, 0, 0, 0, 10, 5, 24
c:\Users\tadak\source\repos\XYZ-To-Do\obj\Debug\netcoreapp2.0\project.razor.json, JSON, 2748, 0, 0, 0, 0, 0, 0, 0, 0, 0, 0, 0, 0, 0, 0, 2748
c:\Users\tadak\source\repos\XYZ-To-Do\obj\XYZToDo.csproj.nuget.g.props, XML, 0, 0, 18, 0, 0, 0, 0, 0, 0, 0, 0, 0, 0, 0, 0, 18
c:\Users\tadak\source\repos\XYZ-To-Do\obj\XYZToDo.csproj.nuget.g.targets, XML, 0, 0, 13, 0, 0, 0, 0, 0, 0, 0, 0, 0, 0, 0, 0, 13
c:\Users\tadak\source\repos\XYZ-To-Do\obj\project.assets.json, JSON, 12638, 0, 0, 0, 0, 0, 0, 0, 0, 0, 0, 0, 0, 0, 0, 12638
c:\Users\tadak\source\repos\XYZ-To-Do\package-lock.json, JSON, 10730, 0, 0, 0, 0, 0, 0, 0, 0, 0, 0, 0, 0, 0, 1, 10731
c:\Users\tadak\source\repos\XYZ-To-Do\package.json, JSON, 74, 0, 0, 0, 0, 0, 0, 0, 0, 0, 0, 0, 0, 0, 1, 75
c:\Users\tadak\source\repos\XYZ-To-Do\src\.well-known\assetlinks.json, JSON, 10, 0, 0, 0, 0, 0, 0, 0, 0, 0, 0, 0, 0, 0, 0, 10
c:\Users\tadak\source\repos\XYZ-To-Do\src\app\admin\admin.module.ts, TypeScript, 0, 0, 0, 0, 0, 0, 0, 0, 17, 0, 0, 0, 0, 0, 2, 19
c:\Users\tadak\source\repos\XYZ-To-Do\src\app\admin\license-management\license-management.component.css, CSS, 0, 0, 0, 0, 0, 0, 0, 0, 0, 0, 0, 0, 0, 0, 1, 1
c:\Users\tadak\source\repos\XYZ-To-Do\src\app\admin\license-management\license-management.component.html, HTML, 0, 0, 0, 0, 0, 0, 0, 161, 0, 0, 0, 0, 0, 0, 39, 200
c:\Users\tadak\source\repos\XYZ-To-Do\src\app\admin\license-management\license-management.component.spec.ts, TypeScript, 0, 0, 0, 0, 0, 0, 0, 0, 22, 0, 0, 0, 0, 1, 6, 29
c:\Users\tadak\source\repos\XYZ-To-Do\src\app\admin\license-management\license-management.component.ts, TypeScript, 0, 0, 0, 0, 0, 0, 0, 0, 61, 0, 0, 0, 0, 1, 10, 72
c:\Users\tadak\source\repos\XYZ-To-Do\src\app\app-routing.module.ts, TypeScript, 0, 0, 0, 0, 0, 0, 0, 0, 95, 0, 0, 0, 0, 2, 5, 102
c:\Users\tadak\source\repos\XYZ-To-Do\src\app\app.component.css, CSS, 0, 0, 0, 0, 0, 0, 0, 0, 0, 23, 0, 0, 0, 3, 5, 31
c:\Users\tadak\source\repos\XYZ-To-Do\src\app\app.component.html, HTML, 0, 0, 0, 0, 0, 0, 0, 25, 0, 0, 0, 0, 0, 13, 13, 51
c:\Users\tadak\source\repos\XYZ-To-Do\src\app\app.component.spec.ts, TypeScript, 0, 0, 0, 0, 0, 0, 0, 0, 31, 0, 0, 0, 0, 0, 5, 36
c:\Users\tadak\source\repos\XYZ-To-Do\src\app\app.component.ts, TypeScript, 0, 0, 0, 0, 0, 0, 0, 0, 84, 0, 0, 0, 0, 74, 30, 188
c:\Users\tadak\source\repos\XYZ-To-Do\src\app\app.module.ts, TypeScript, 0, 0, 0, 0, 0, 0, 0, 0, 43, 0, 0, 0, 0, 5, 5, 53
c:\Users\tadak\source\repos\XYZ-To-Do\src\app\auth\auth.module.ts, TypeScript, 0, 0, 0, 0, 0, 0, 0, 0, 24, 0, 0, 0, 0, 0, 3, 27
c:\Users\tadak\source\repos\XYZ-To-Do\src\app\auth\change-password\change-password.component.css, CSS, 0, 0, 0, 0, 0, 0, 0, 0, 0, 48, 0, 0, 0, 1, 9, 58
c:\Users\tadak\source\repos\XYZ-To-Do\src\app\auth\change-password\change-password.component.html, HTML, 0, 0, 0, 0, 0, 0, 0, 53, 0, 0, 0, 0, 0, 1, 6, 60
c:\Users\tadak\source\repos\XYZ-To-Do\src\app\auth\change-password\change-password.component.spec.ts, TypeScript, 0, 0, 0, 0, 0, 0, 0, 0, 22, 0, 0, 0, 0, 1, 6, 29
c:\Users\tadak\source\repos\XYZ-To-Do\src\app\auth\change-password\change-password.component.ts, TypeScript, 0, 0, 0, 0, 0, 0, 0, 0, 69, 0, 0, 0, 0, 0, 13, 82
c:\Users\tadak\source\repos\XYZ-To-Do\src\app\auth\i-forgot-password\i-forgot-password.component.css, CSS, 0, 0, 0, 0, 0, 0, 0, 0, 0, 48, 0, 0, 0, 1, 8, 57
c:\Users\tadak\source\repos\XYZ-To-Do\src\app\auth\i-forgot-password\i-forgot-password.component.html, HTML, 0, 0, 0, 0, 0, 0, 0, 50, 0, 0, 0, 0, 0, 0, 14, 64
c:\Users\tadak\source\repos\XYZ-To-Do\src\app\auth\i-forgot-password\i-forgot-password.component.spec.ts, TypeScript, 0, 0, 0, 0, 0, 0, 0, 0, 22, 0, 0, 0, 0, 1, 6, 29
c:\Users\tadak\source\repos\XYZ-To-Do\src\app\auth\i-forgot-password\i-forgot-password.component.ts, TypeScript, 0, 0, 0, 0, 0, 0, 0, 0, 69, 0, 0, 0, 0, 3, 16, 88
c:\Users\tadak\source\repos\XYZ-To-Do\src\app\auth\login\login.component.css, CSS, 0, 0, 0, 0, 0, 0, 0, 0, 0, 63, 0, 0, 0, 21, 9, 93
c:\Users\tadak\source\repos\XYZ-To-Do\src\app\auth\login\login.component.html, HTML, 0, 0, 0, 0, 0, 0, 0, 62, 0, 0, 0, 0, 0, 6, 10, 78
c:\Users\tadak\source\repos\XYZ-To-Do\src\app\auth\login\login.component.spec.ts, TypeScript, 0, 0, 0, 0, 0, 0, 0, 0, 22, 0, 0, 0, 0, 1, 6, 29
c:\Users\tadak\source\repos\XYZ-To-Do\src\app\auth\login\login.component.ts, TypeScript, 0, 0, 0, 0, 0, 0, 0, 0, 183, 0, 0, 0, 0, 5, 26, 214
c:\Users\tadak\source\repos\XYZ-To-Do\src\app\auth\register\register.component.css, CSS, 0, 0, 0, 0, 0, 0, 0, 0, 0, 83, 0, 0, 0, 0, 9, 92
c:\Users\tadak\source\repos\XYZ-To-Do\src\app\auth\register\register.component.html, HTML, 0, 0, 0, 0, 0, 0, 0, 216, 0, 0, 0, 0, 0, 3, 39, 258
c:\Users\tadak\source\repos\XYZ-To-Do\src\app\auth\register\register.component.spec.ts, TypeScript, 0, 0, 0, 0, 0, 0, 0, 0, 22, 0, 0, 0, 0, 1, 6, 29
c:\Users\tadak\source\repos\XYZ-To-Do\src\app\auth\register\register.component.ts, TypeScript, 0, 0, 0, 0, 0, 0, 0, 0, 225, 0, 0, 0, 0, 1, 28, 254
c:\Users\tadak\source\repos\XYZ-To-Do\src\app\comment\comment.module.ts, TypeScript, 0, 0, 0, 0, 0, 0, 0, 0, 23, 0, 0, 0, 0, 0, 2, 25
c:\Users\tadak\source\repos\XYZ-To-Do\src\app\comment\task-comments\task-comments.component.css, CSS, 0, 0, 0, 0, 0, 0, 0, 0, 0, 239, 0, 0, 0, 37, 11, 287
c:\Users\tadak\source\repos\XYZ-To-Do\src\app\comment\task-comments\task-comments.component.html, HTML, 0, 0, 0, 0, 0, 0, 0, 104, 0, 0, 0, 0, 0, 3, 19, 126
c:\Users\tadak\source\repos\XYZ-To-Do\src\app\comment\task-comments\task-comments.component.spec.ts, TypeScript, 0, 0, 0, 0, 0, 0, 0, 0, 22, 0, 0, 0, 0, 1, 6, 29
c:\Users\tadak\source\repos\XYZ-To-Do\src\app\comment\task-comments\task-comments.component.ts, TypeScript, 0, 0, 0, 0, 0, 0, 0, 0, 200, 0, 0, 0, 0, 29, 39, 268
c:\Users\tadak\source\repos\XYZ-To-Do\src\app\files\containers\containers.component.css, CSS, 0, 0, 0, 0, 0, 0, 0, 0, 0, 323, 0, 0, 0, 7, 59, 389
c:\Users\tadak\source\repos\XYZ-To-Do\src\app\files\containers\containers.component.html, HTML, 0, 0, 0, 0, 0, 0, 0, 114, 0, 0, 0, 0, 0, 1, 28, 143
c:\Users\tadak\source\repos\XYZ-To-Do\src\app\files\containers\containers.component.spec.ts, TypeScript, 0, 0, 0, 0, 0, 0, 0, 0, 22, 0, 0, 0, 0, 1, 6, 29
c:\Users\tadak\source\repos\XYZ-To-Do\src\app\files\containers\containers.component.ts, TypeScript, 0, 0, 0, 0, 0, 0, 0, 0, 148, 0, 0, 0, 0, 41, 35, 224
c:\Users\tadak\source\repos\XYZ-To-Do\src\app\files\files-statistics\files-statistics.component.css, CSS, 0, 0, 0, 0, 0, 0, 0, 0, 0, 18, 0, 0, 0, 0, 2, 20
c:\Users\tadak\source\repos\XYZ-To-Do\src\app\files\files-statistics\files-statistics.component.html, HTML, 0, 0, 0, 0, 0, 0, 0, 40, 0, 0, 0, 0, 0, 0, 10, 50
c:\Users\tadak\source\repos\XYZ-To-Do\src\app\files\files-statistics\files-statistics.component.spec.ts, TypeScript, 0, 0, 0, 0, 0, 0, 0, 0, 22, 0, 0, 0, 0, 1, 6, 29
c:\Users\tadak\source\repos\XYZ-To-Do\src\app\files\files-statistics\files-statistics.component.ts, TypeScript, 0, 0, 0, 0, 0, 0, 0, 0, 45, 0, 0, 0, 0, 0, 7, 52
c:\Users\tadak\source\repos\XYZ-To-Do\src\app\files\files.module.ts, TypeScript, 0, 0, 0, 0, 0, 0, 0, 0, 24, 0, 0, 0, 0, 0, 4, 28
c:\Users\tadak\source\repos\XYZ-To-Do\src\app\files\files\files.component.css, CSS, 0, 0, 0, 0, 0, 0, 0, 0, 0, 474, 0, 0, 0, 16, 61, 551
c:\Users\tadak\source\repos\XYZ-To-Do\src\app\files\files\files.component.html, HTML, 0, 0, 0, 0, 0, 0, 0, 165, 0, 0, 0, 0, 0, 0, 19, 184
c:\Users\tadak\source\repos\XYZ-To-Do\src\app\files\files\files.component.spec.ts, TypeScript, 0, 0, 0, 0, 0, 0, 0, 0, 22, 0, 0, 0, 0, 1, 6, 29
c:\Users\tadak\source\repos\XYZ-To-Do\src\app\files\files\files.component.ts, TypeScript, 0, 0, 0, 0, 0, 0, 0, 0, 132, 0, 0, 0, 0, 18, 26, 176
c:\Users\tadak\source\repos\XYZ-To-Do\src\app\home\home.module.ts, TypeScript, 0, 0, 0, 0, 0, 0, 0, 0, 28, 0, 0, 0, 0, 0, 4, 32
c:\Users\tadak\source\repos\XYZ-To-Do\src\app\home\home\home.component.css, CSS, 0, 0, 0, 0, 0, 0, 0, 0, 0, 67, 0, 0, 0, 6, 5, 78
c:\Users\tadak\source\repos\XYZ-To-Do\src\app\home\home\home.component.html, HTML, 0, 0, 0, 0, 0, 0, 0, 59, 0, 0, 0, 0, 0, 9, 12, 80
c:\Users\tadak\source\repos\XYZ-To-Do\src\app\home\home\home.component.spec.ts, TypeScript, 0, 0, 0, 0, 0, 0, 0, 0, 20, 0, 0, 0, 0, 0, 6, 26
c:\Users\tadak\source\repos\XYZ-To-Do\src\app\home\home\home.component.ts, TypeScript, 0, 0, 0, 0, 0, 0, 0, 0, 21, 0, 0, 0, 0, 0, 5, 26
c:\Users\tadak\source\repos\XYZ-To-Do\src\app\home\my-to-dos\my-to-dos.component.css, CSS, 0, 0, 0, 0, 0, 0, 0, 0, 0, 91, 0, 0, 0, 2, 23, 116
c:\Users\tadak\source\repos\XYZ-To-Do\src\app\home\my-to-dos\my-to-dos.component.html, HTML, 0, 0, 0, 0, 0, 0, 0, 111, 0, 0, 0, 0, 0, 1, 17, 129
c:\Users\tadak\source\repos\XYZ-To-Do\src\app\home\my-to-dos\my-to-dos.component.spec.ts, TypeScript, 0, 0, 0, 0, 0, 0, 0, 0, 22, 0, 0, 0, 0, 1, 6, 29
c:\Users\tadak\source\repos\XYZ-To-Do\src\app\home\my-to-dos\my-to-dos.component.ts, TypeScript, 0, 0, 0, 0, 0, 0, 0, 0, 340, 0, 0, 0, 0, 63, 76, 479
c:\Users\tadak\source\repos\XYZ-To-Do\src\app\home\quick-to-dos\quick-to-dos.component.css, CSS, 0, 0, 0, 0, 0, 0, 0, 0, 0, 425, 0, 0, 0, 24, 78, 527
c:\Users\tadak\source\repos\XYZ-To-Do\src\app\home\quick-to-dos\quick-to-dos.component.html, HTML, 0, 0, 0, 0, 0, 0, 0, 425, 0, 0, 0, 0, 0, 27, 102, 554
c:\Users\tadak\source\repos\XYZ-To-Do\src\app\home\quick-to-dos\quick-to-dos.component.spec.ts, TypeScript, 0, 0, 0, 0, 0, 0, 0, 0, 22, 0, 0, 0, 0, 1, 6, 29
c:\Users\tadak\source\repos\XYZ-To-Do\src\app\home\quick-to-dos\quick-to-dos.component.ts, TypeScript, 0, 0, 0, 0, 0, 0, 0, 0, 907, 0, 0, 0, 0, 90, 215, 1212
c:\Users\tadak\source\repos\XYZ-To-Do\src\app\member\about\about.component.css, CSS, 0, 0, 0, 0, 0, 0, 0, 0, 0, 33, 0, 0, 0, 6, 3, 42
c:\Users\tadak\source\repos\XYZ-To-Do\src\app\member\about\about.component.html, HTML, 0, 0, 0, 0, 0, 0, 0, 9, 0, 0, 0, 0, 0, 1, 9, 19
c:\Users\tadak\source\repos\XYZ-To-Do\src\app\member\about\about.component.spec.ts, TypeScript, 0, 0, 0, 0, 0, 0, 0, 0, 22, 0, 0, 0, 0, 1, 6, 29
c:\Users\tadak\source\repos\XYZ-To-Do\src\app\member\about\about.component.ts, TypeScript, 0, 0, 0, 0, 0, 0, 0, 0, 11, 0, 0, 0, 0, 0, 5, 16
c:\Users\tadak\source\repos\XYZ-To-Do\src\app\member\azure-sa-occupancy\azure-sa-occupancy.component.css, CSS, 0, 0, 0, 0, 0, 0, 0, 0, 0, 0, 0, 0, 0, 0, 1, 1
c:\Users\tadak\source\repos\XYZ-To-Do\src\app\member\azure-sa-occupancy\azure-sa-occupancy.component.html, HTML, 0, 0, 0, 0, 0, 0, 0, 5, 0, 0, 0, 0, 0, 1, 0, 6
c:\Users\tadak\source\repos\XYZ-To-Do\src\app\member\azure-sa-occupancy\azure-sa-occupancy.component.spec.ts, TypeScript, 0, 0, 0, 0, 0, 0, 0, 0, 22, 0, 0, 0, 0, 1, 6, 29
c:\Users\tadak\source\repos\XYZ-To-Do\src\app\member\azure-sa-occupancy\azure-sa-occupancy.component.ts, TypeScript, 0, 0, 0, 0, 0, 0, 0, 0, 40, 0, 0, 0, 0, 0, 9, 49
c:\Users\tadak\source\repos\XYZ-To-Do\src\app\member\member-licenses\member-licenses.component.css, CSS, 0, 0, 0, 0, 0, 0, 0, 0, 0, 70, 0, 0, 0, 0, 9, 79
c:\Users\tadak\source\repos\XYZ-To-Do\src\app\member\member-licenses\member-licenses.component.html, HTML, 0, 0, 0, 0, 0, 0, 0, 71, 0, 0, 0, 0, 0, 18, 10, 99
c:\Users\tadak\source\repos\XYZ-To-Do\src\app\member\member-licenses\member-licenses.component.spec.ts, TypeScript, 0, 0, 0, 0, 0, 0, 0, 0, 22, 0, 0, 0, 0, 1, 6, 29
c:\Users\tadak\source\repos\XYZ-To-Do\src\app\member\member-licenses\member-licenses.component.ts, TypeScript, 0, 0, 0, 0, 0, 0, 0, 0, 32, 0, 0, 0, 0, 3, 8, 43
c:\Users\tadak\source\repos\XYZ-To-Do\src\app\member\member.module.ts, TypeScript, 0, 0, 0, 0, 0, 0, 0, 0, 20, 0, 0, 0, 0, 0, 3, 23
c:\Users\tadak\source\repos\XYZ-To-Do\src\app\member\settings\settings.component.css, CSS, 0, 0, 0, 0, 0, 0, 0, 0, 0, 121, 0, 0, 0, 3, 13, 137
c:\Users\tadak\source\repos\XYZ-To-Do\src\app\member\settings\settings.component.html, HTML, 0, 0, 0, 0, 0, 0, 0, 237, 0, 0, 0, 0, 0, 15, 13, 265
c:\Users\tadak\source\repos\XYZ-To-Do\src\app\member\settings\settings.component.spec.ts, TypeScript, 0, 0, 0, 0, 0, 0, 0, 0, 22, 0, 0, 0, 0, 1, 6, 29
c:\Users\tadak\source\repos\XYZ-To-Do\src\app\member\settings\settings.component.ts, TypeScript, 0, 0, 0, 0, 0, 0, 0, 0, 162, 0, 0, 0, 0, 2, 19, 183
c:\Users\tadak\source\repos\XYZ-To-Do\src\app\model\abstract\i-admin-repository.ts, TypeScript, 0, 0, 0, 0, 0, 0, 0, 0, 7, 0, 0, 0, 0, 0, 5, 12
c:\Users\tadak\source\repos\XYZ-To-Do\src\app\model\abstract\i-auth-repository.ts, TypeScript, 0, 0, 0, 0, 0, 0, 0, 0, 14, 0, 0, 0, 0, 2, 5, 21
c:\Users\tadak\source\repos\XYZ-To-Do\src\app\model\abstract\i-container-repository.ts, TypeScript, 0, 0, 0, 0, 0, 0, 0, 0, 8, 0, 0, 0, 0, 0, 3, 11
c:\Users\tadak\source\repos\XYZ-To-Do\src\app\model\abstract\i-file-repository.ts, TypeScript, 0, 0, 0, 0, 0, 0, 0, 0, 9, 0, 0, 0, 0, 0, 3, 12
c:\Users\tadak\source\repos\XYZ-To-Do\src\app\model\abstract\i-member-license-repository.ts, TypeScript, 0, 0, 0, 0, 0, 0, 0, 0, 6, 0, 0, 0, 0, 1, 8, 15
c:\Users\tadak\source\repos\XYZ-To-Do\src\app\model\abstract\i-member-repository.ts, TypeScript, 0, 0, 0, 0, 0, 0, 0, 0, 7, 0, 0, 0, 0, 0, 4, 11
c:\Users\tadak\source\repos\XYZ-To-Do\src\app\model\abstract\i-private-talk-message-repository.ts, TypeScript, 0, 0, 0, 0, 0, 0, 0, 0, 9, 0, 0, 0, 0, 1, 3, 13
c:\Users\tadak\source\repos\XYZ-To-Do\src\app\model\abstract\i-private-talk-receiver-repository.ts, TypeScript, 0, 0, 0, 0, 0, 0, 0, 0, 12, 0, 0, 0, 0, 2, 9, 23
c:\Users\tadak\source\repos\XYZ-To-Do\src\app\model\abstract\i-private-talk-repository.ts, TypeScript, 0, 0, 0, 0, 0, 0, 0, 0, 14, 0, 0, 0, 0, 1, 2, 17
c:\Users\tadak\source\repos\XYZ-To-Do\src\app\model\abstract\i-project-repository.ts, TypeScript, 0, 0, 0, 0, 0, 0, 0, 0, 10, 0, 0, 0, 0, 0, 2, 12
c:\Users\tadak\source\repos\XYZ-To-Do\src\app\model\abstract\i-project-to-do-comment-repository.ts, TypeScript, 0, 0, 0, 0, 0, 0, 0, 0, 8, 0, 0, 0, 0, 1, 4, 13
c:\Users\tadak\source\repos\XYZ-To-Do\src\app\model\abstract\i-project-to-do-repository.ts, TypeScript, 0, 0, 0, 0, 0, 0, 0, 0, 9, 0, 0, 0, 0, 3, 4, 16
c:\Users\tadak\source\repos\XYZ-To-Do\src\app\model\abstract\i-quick-to-do-comment-repository.ts, TypeScript, 0, 0, 0, 0, 0, 0, 0, 0, 8, 0, 0, 0, 0, 1, 4, 13
c:\Users\tadak\source\repos\XYZ-To-Do\src\app\model\abstract\i-quick-to-do-repository.ts, TypeScript, 0, 0, 0, 0, 0, 0, 0, 0, 9, 0, 0, 0, 0, 3, 3, 15
c:\Users\tadak\source\repos\XYZ-To-Do\src\app\model\abstract\i-team-member-repository.ts, TypeScript, 0, 0, 0, 0, 0, 0, 0, 0, 15, 0, 0, 0, 0, 1, 6, 22
c:\Users\tadak\source\repos\XYZ-To-Do\src\app\model\abstract\i-team-repository.ts, TypeScript, 0, 0, 0, 0, 0, 0, 0, 0, 10, 0, 0, 0, 0, 2, 6, 18
c:\Users\tadak\source\repos\XYZ-To-Do\src\app\model\azure-models\cloud-container.model.ts, TypeScript, 0, 0, 0, 0, 0, 0, 0, 0, 8, 0, 0, 0, 0, 0, 3, 11
c:\Users\tadak\source\repos\XYZ-To-Do\src\app\model\azure-models\cloud-containers.model.ts, TypeScript, 0, 0, 0, 0, 0, 0, 0, 0, 6, 0, 0, 0, 0, 0, 1, 7
c:\Users\tadak\source\repos\XYZ-To-Do\src\app\model\azure-models\cloud-file.model.ts, TypeScript, 0, 0, 0, 0, 0, 0, 0, 0, 11, 0, 0, 0, 0, 0, 1, 12
c:\Users\tadak\source\repos\XYZ-To-Do\src\app\model\azure-models\cloud-files.model.ts, TypeScript, 0, 0, 0, 0, 0, 0, 0, 0, 6, 0, 0, 0, 0, 0, 1, 7
c:\Users\tadak\source\repos\XYZ-To-Do\src\app\model\comment-count.model.ts, TypeScript, 0, 0, 0, 0, 0, 0, 0, 0, 6, 0, 0, 0, 0, 0, 1, 7
c:\Users\tadak\source\repos\XYZ-To-Do\src\app\model\login.model.ts, TypeScript, 0, 0, 0, 0, 0, 0, 0, 0, 8, 0, 0, 0, 0, 0, 2, 10
c:\Users\tadak\source\repos\XYZ-To-Do\src\app\model\member-license-sm.model.ts, TypeScript, 0, 0, 0, 0, 0, 0, 0, 0, 6, 0, 0, 0, 0, 0, 1, 7
c:\Users\tadak\source\repos\XYZ-To-Do\src\app\model\member-license-used-storage.model.ts, TypeScript, 0, 0, 0, 0, 0, 0, 0, 0, 6, 0, 0, 0, 0, 0, 2, 8
c:\Users\tadak\source\repos\XYZ-To-Do\src\app\model\member-license.model.ts, TypeScript, 0, 0, 0, 0, 0, 0, 0, 0, 17, 0, 0, 0, 0, 5, 7, 29
c:\Users\tadak\source\repos\XYZ-To-Do\src\app\model\member-setting.model.ts, TypeScript, 0, 0, 0, 0, 0, 0, 0, 0, 9, 0, 0, 0, 0, 0, 1, 10
c:\Users\tadak\source\repos\XYZ-To-Do\src\app\model\member-shared.model.ts, TypeScript, 0, 0, 0, 0, 0, 0, 0, 0, 43, 0, 0, 0, 0, 28, 21, 92
c:\Users\tadak\source\repos\XYZ-To-Do\src\app\model\member.model.ts, TypeScript, 0, 0, 0, 0, 0, 0, 0, 0, 15, 0, 0, 0, 0, 0, 6, 21
c:\Users\tadak\source\repos\XYZ-To-Do\src\app\model\message-count.model.ts, TypeScript, 0, 0, 0, 0, 0, 0, 0, 0, 7, 0, 0, 0, 0, 0, 3, 10
c:\Users\tadak\source\repos\XYZ-To-Do\src\app\model\model.module.ts, TypeScript, 0, 0, 0, 0, 0, 0, 0, 0, 111, 0, 0, 0, 0, 0, 14, 125
c:\Users\tadak\source\repos\XYZ-To-Do\src\app\model\notification-services\notification.service.spec.ts, TypeScript, 0, 0, 0, 0, 0, 0, 0, 0, 12, 0, 0, 0, 0, 1, 4, 17
c:\Users\tadak\source\repos\XYZ-To-Do\src\app\model\notification-services\notification.service.ts, TypeScript, 0, 0, 0, 0, 0, 0, 0, 0, 248, 0, 0, 0, 0, 32, 64, 344
c:\Users\tadak\source\repos\XYZ-To-Do\src\app\model\private-talk-inside-out.model.ts, TypeScript, 0, 0, 0, 0, 0, 0, 0, 0, 13, 0, 0, 0, 0, 0, 2, 15
c:\Users\tadak\source\repos\XYZ-To-Do\src\app\model\private-talk-last-seen.model.ts, TypeScript, 0, 0, 0, 0, 0, 0, 0, 0, 8, 0, 0, 0, 0, 0, 1, 9
c:\Users\tadak\source\repos\XYZ-To-Do\src\app\model\private-talk-message.model.ts, TypeScript, 0, 0, 0, 0, 0, 0, 0, 0, 11, 0, 0, 0, 0, 0, 4, 15
c:\Users\tadak\source\repos\XYZ-To-Do\src\app\model\private-talk-receiver.model.ts, TypeScript, 0, 0, 0, 0, 0, 0, 0, 0, 7, 0, 0, 0, 0, 0, 0, 7
c:\Users\tadak\source\repos\XYZ-To-Do\src\app\model\private-talk-team-receiver.model.ts, TypeScript, 0, 0, 0, 0, 0, 0, 0, 0, 7, 0, 0, 0, 0, 0, 1, 8
c:\Users\tadak\source\repos\XYZ-To-Do\src\app\model\private-talk.model.ts, TypeScript, 0, 0, 0, 0, 0, 0, 0, 0, 9, 0, 0, 0, 0, 0, 2, 11
c:\Users\tadak\source\repos\XYZ-To-Do\src\app\model\project-order.model.ts, TypeScript, 0, 0, 0, 0, 0, 0, 0, 0, 6, 0, 0, 0, 0, 0, 3, 9
c:\Users\tadak\source\repos\XYZ-To-Do\src\app\model\project-task-comment.model.ts, TypeScript, 0, 0, 0, 0, 0, 0, 0, 0, 11, 0, 0, 0, 0, 0, 3, 14
c:\Users\tadak\source\repos\XYZ-To-Do\src\app\model\project-task.model.ts, TypeScript, 0, 0, 0, 0, 0, 0, 0, 0, 19, 0, 0, 0, 0, 0, 2, 21
c:\Users\tadak\source\repos\XYZ-To-Do\src\app\model\project.model.ts, TypeScript, 0, 0, 0, 0, 0, 0, 0, 0, 12, 0, 0, 0, 0, 0, 3, 15
c:\Users\tadak\source\repos\XYZ-To-Do\src\app\model\quick-task-comment.model.ts, TypeScript, 0, 0, 0, 0, 0, 0, 0, 0, 11, 0, 0, 0, 0, 0, 3, 14
c:\Users\tadak\source\repos\XYZ-To-Do\src\app\model\quick-task.model.ts, TypeScript, 0, 0, 0, 0, 0, 0, 0, 0, 17, 0, 0, 0, 0, 0, 1, 18
c:\Users\tadak\source\repos\XYZ-To-Do\src\app\model\register.model.ts, TypeScript, 0, 0, 0, 0, 0, 0, 0, 0, 13, 0, 0, 0, 0, 0, 3, 16
c:\Users\tadak\source\repos\XYZ-To-Do\src\app\model\repository\admin-repository.ts, TypeScript, 0, 0, 0, 0, 0, 0, 0, 0, 34, 0, 0, 0, 0, 1, 10, 45
c:\Users\tadak\source\repos\XYZ-To-Do\src\app\model\repository\auth-repository.ts, TypeScript, 0, 0, 0, 0, 0, 0, 0, 0, 31, 0, 0, 0, 0, 2, 11, 44
c:\Users\tadak\source\repos\XYZ-To-Do\src\app\model\repository\container-repository.ts, TypeScript, 0, 0, 0, 0, 0, 0, 0, 0, 85, 0, 0, 0, 0, 26, 28, 139
c:\Users\tadak\source\repos\XYZ-To-Do\src\app\model\repository\file-repository.ts, TypeScript, 0, 0, 0, 0, 0, 0, 0, 0, 119, 0, 0, 0, 0, 23, 32, 174
c:\Users\tadak\source\repos\XYZ-To-Do\src\app\model\repository\member-license-repository.ts, TypeScript, 0, 0, 0, 0, 0, 0, 0, 0, 53, 0, 0, 0, 0, 1, 17, 71
c:\Users\tadak\source\repos\XYZ-To-Do\src\app\model\repository\member-repository.ts, TypeScript, 0, 0, 0, 0, 0, 0, 0, 0, 24, 0, 0, 0, 0, 0, 3, 27
c:\Users\tadak\source\repos\XYZ-To-Do\src\app\model\repository\private-talk-message-repository.ts, TypeScript, 0, 0, 0, 0, 0, 0, 0, 0, 91, 0, 0, 0, 0, 18, 26, 135
c:\Users\tadak\source\repos\XYZ-To-Do\src\app\model\repository\private-talk-receiver-repository.ts, TypeScript, 0, 0, 0, 0, 0, 0, 0, 0, 83, 0, 0, 0, 0, 7, 32, 122
c:\Users\tadak\source\repos\XYZ-To-Do\src\app\model\repository\private-talk-repository.ts, TypeScript, 0, 0, 0, 0, 0, 0, 0, 0, 295, 0, 0, 0, 0, 38, 96, 429
c:\Users\tadak\source\repos\XYZ-To-Do\src\app\model\repository\project-repository.ts, TypeScript, 0, 0, 0, 0, 0, 0, 0, 0, 165, 0, 0, 0, 0, 26, 43, 234
c:\Users\tadak\source\repos\XYZ-To-Do\src\app\model\repository\project-to-do-comment-repository.ts, TypeScript, 0, 0, 0, 0, 0, 0, 0, 0, 75, 0, 0, 0, 0, 9, 13, 97
c:\Users\tadak\source\repos\XYZ-To-Do\src\app\model\repository\project-to-do-repository.ts, TypeScript, 0, 0, 0, 0, 0, 0, 0, 0, 335, 0, 0, 0, 0, 31, 93, 459
c:\Users\tadak\source\repos\XYZ-To-Do\src\app\model\repository\quick-to-do-comment-repository.ts, TypeScript, 0, 0, 0, 0, 0, 0, 0, 0, 75, 0, 0, 0, 0, 12, 18, 105
c:\Users\tadak\source\repos\XYZ-To-Do\src\app\model\repository\quick-to-do-repository.ts, TypeScript, 0, 0, 0, 0, 0, 0, 0, 0, 316, 0, 0, 0, 0, 37, 72, 425
c:\Users\tadak\source\repos\XYZ-To-Do\src\app\model\repository\team-member-repository.ts, TypeScript, 0, 0, 0, 0, 0, 0, 0, 0, 275, 0, 0, 0, 0, 35, 72, 382
c:\Users\tadak\source\repos\XYZ-To-Do\src\app\model\repository\team-repository.ts, TypeScript, 0, 0, 0, 0, 0, 0, 0, 0, 100, 0, 0, 0, 0, 4, 10, 114
c:\Users\tadak\source\repos\XYZ-To-Do\src\app\model\resolvers\container-files-resolver.service.ts, TypeScript, 0, 0, 0, 0, 0, 0, 0, 0, 15, 0, 0, 0, 0, 0, 3, 18
c:\Users\tadak\source\repos\XYZ-To-Do\src\app\model\resolvers\containers-resolver.service.ts, TypeScript, 0, 0, 0, 0, 0, 0, 0, 0, 14, 0, 0, 0, 0, 0, 4, 18
c:\Users\tadak\source\repos\XYZ-To-Do\src\app\model\resolvers\my-projects-resolver.service.ts, TypeScript, 0, 0, 0, 0, 0, 0, 0, 0, 14, 0, 0, 0, 0, 0, 3, 17
c:\Users\tadak\source\repos\XYZ-To-Do\src\app\model\resolvers\my-teams-resolver.service.ts, TypeScript, 0, 0, 0, 0, 0, 0, 0, 0, 14, 0, 0, 0, 0, 0, 3, 17
c:\Users\tadak\source\repos\XYZ-To-Do\src\app\model\resolvers\project-to-dos-comments-count-resolver.service.ts, TypeScript, 0, 0, 0, 0, 0, 0, 0, 0, 15, 0, 0, 0, 0, 0, 3, 18
c:\Users\tadak\source\repos\XYZ-To-Do\src\app\model\resolvers\project-to-dos-resolver.service.ts, TypeScript, 0, 0, 0, 0, 0, 0, 0, 0, 15, 0, 0, 0, 0, 0, 3, 18
c:\Users\tadak\source\repos\XYZ-To-Do\src\app\model\resolvers\projects-assigned-resolver.service.ts, TypeScript, 0, 0, 0, 0, 0, 0, 0, 0, 14, 0, 0, 0, 0, 0, 3, 17
c:\Users\tadak\source\repos\XYZ-To-Do\src\app\model\resolvers\team-member-resolver.service.ts, TypeScript, 0, 0, 0, 0, 0, 0, 0, 0, 15, 0, 0, 0, 0, 0, 2, 17
c:\Users\tadak\source\repos\XYZ-To-Do\src\app\model\return.model.ts, TypeScript, 0, 0, 0, 0, 0, 0, 0, 0, 6, 0, 0, 0, 0, 0, 4, 10
c:\Users\tadak\source\repos\XYZ-To-Do\src\app\model\security-code.model.ts, TypeScript, 0, 0, 0, 0, 0, 0, 0, 0, 6, 0, 0, 0, 0, 0, 2, 8
c:\Users\tadak\source\repos\XYZ-To-Do\src\app\model\services\auth.service.spec.ts, TypeScript, 0, 0, 0, 0, 0, 0, 0, 0, 9, 0, 0, 0, 0, 0, 4, 13
c:\Users\tadak\source\repos\XYZ-To-Do\src\app\model\services\auth.service.ts, TypeScript, 0, 0, 0, 0, 0, 0, 0, 0, 94, 0, 0, 0, 0, 23, 13, 130
c:\Users\tadak\source\repos\XYZ-To-Do\src\app\model\services\crypto-helpers.service.spec.ts, TypeScript, 0, 0, 0, 0, 0, 0, 0, 0, 12, 0, 0, 0, 0, 1, 4, 17
c:\Users\tadak\source\repos\XYZ-To-Do\src\app\model\services\crypto-helpers.service.ts, TypeScript, 0, 0, 0, 0, 0, 0, 0, 0, 19, 0, 0, 0, 0, 0, 5, 24
c:\Users\tadak\source\repos\XYZ-To-Do\src\app\model\services\files.service.spec.ts, TypeScript, 0, 0, 0, 0, 0, 0, 0, 0, 12, 0, 0, 0, 0, 1, 4, 17
c:\Users\tadak\source\repos\XYZ-To-Do\src\app\model\services\files.service.ts, TypeScript, 0, 0, 0, 0, 0, 0, 0, 0, 64, 0, 0, 0, 0, 0, 8, 72
c:\Users\tadak\source\repos\XYZ-To-Do\src\app\model\services\guards\auth-guard-admin.service.spec.ts, TypeScript, 0, 0, 0, 0, 0, 0, 0, 0, 12, 0, 0, 0, 0, 1, 4, 17
c:\Users\tadak\source\repos\XYZ-To-Do\src\app\model\services\guards\auth-guard-admin.service.ts, TypeScript, 0, 0, 0, 0, 0, 0, 0, 0, 15, 0, 0, 0, 0, 0, 6, 21
c:\Users\tadak\source\repos\XYZ-To-Do\src\app\model\services\guards\auth-guard.service.spec.ts, TypeScript, 0, 0, 0, 0, 0, 0, 0, 0, 12, 0, 0, 0, 0, 1, 4, 17
c:\Users\tadak\source\repos\XYZ-To-Do\src\app\model\services\guards\auth-guard.service.ts, TypeScript, 0, 0, 0, 0, 0, 0, 0, 0, 21, 0, 0, 0, 0, 8, 9, 38
c:\Users\tadak\source\repos\XYZ-To-Do\src\app\model\services\guards\private-talk-messages-guard.service.spec.ts, TypeScript, 0, 0, 0, 0, 0, 0, 0, 0, 12, 0, 0, 0, 0, 1, 4, 17
c:\Users\tadak\source\repos\XYZ-To-Do\src\app\model\services\guards\private-talk-messages-guard.service.ts, TypeScript, 0, 0, 0, 0, 0, 0, 0, 0, 24, 0, 0, 0, 0, 1, 9, 34
c:\Users\tadak\source\repos\XYZ-To-Do\src\app\model\services\guards\project-to-dos-guard.service.spec.ts, TypeScript, 0, 0, 0, 0, 0, 0, 0, 0, 12, 0, 0, 0, 0, 1, 4, 17
c:\Users\tadak\source\repos\XYZ-To-Do\src\app\model\services\guards\project-to-dos-guard.service.ts, TypeScript, 0, 0, 0, 0, 0, 0, 0, 0, 38, 0, 0, 0, 0, 15, 12, 65
c:\Users\tadak\source\repos\XYZ-To-Do\src\app\model\services\guards\projects-first-guard.service.spec.ts, TypeScript, 0, 0, 0, 0, 0, 0, 0, 0, 12, 0, 0, 0, 0, 1, 4, 17
c:\Users\tadak\source\repos\XYZ-To-Do\src\app\model\services\guards\projects-first-guard.service.ts, TypeScript, 0, 0, 0, 0, 0, 0, 0, 0, 18, 0, 0, 0, 0, 0, 6, 24
c:\Users\tadak\source\repos\XYZ-To-Do\src\app\model\services\guards\save-last-seen-guard.service.spec.ts, TypeScript, 0, 0, 0, 0, 0, 0, 0, 0, 12, 0, 0, 0, 0, 1, 4, 17
c:\Users\tadak\source\repos\XYZ-To-Do\src\app\model\services\guards\save-last-seen-guard.service.ts, TypeScript, 0, 0, 0, 0, 0, 0, 0, 0, 17, 0, 0, 0, 0, 3, 5, 25
c:\Users\tadak\source\repos\XYZ-To-Do\src\app\model\services\guards\team-members-guard.service.spec.ts, TypeScript, 0, 0, 0, 0, 0, 0, 0, 0, 12, 0, 0, 0, 0, 1, 4, 17
c:\Users\tadak\source\repos\XYZ-To-Do\src\app\model\services\guards\team-members-guard.service.ts, TypeScript, 0, 0, 0, 0, 0, 0, 0, 0, 26, 0, 0, 0, 0, 1, 11, 38
c:\Users\tadak\source\repos\XYZ-To-Do\src\app\model\services\guards\team-members-joined-guard.service.spec.ts, TypeScript, 0, 0, 0, 0, 0, 0, 0, 0, 12, 0, 0, 0, 0, 1, 4, 17
c:\Users\tadak\source\repos\XYZ-To-Do\src\app\model\services\guards\team-members-joined-guard.service.ts, TypeScript, 0, 0, 0, 0, 0, 0, 0, 0, 26, 0, 0, 0, 0, 1, 9, 36
c:\Users\tadak\source\repos\XYZ-To-Do\src\app\model\services\guards\teams-first-guard.service.spec.ts, TypeScript, 0, 0, 0, 0, 0, 0, 0, 0, 12, 0, 0, 0, 0, 1, 4, 17
c:\Users\tadak\source\repos\XYZ-To-Do\src\app\model\services\guards\teams-first-guard.service.ts, TypeScript, 0, 0, 0, 0, 0, 0, 0, 0, 18, 0, 0, 0, 0, 0, 6, 24
c:\Users\tadak\source\repos\XYZ-To-Do\src\app\model\services\member-license.service.spec.ts, TypeScript, 0, 0, 0, 0, 0, 0, 0, 0, 12, 0, 0, 0, 0, 1, 4, 17
c:\Users\tadak\source\repos\XYZ-To-Do\src\app\model\services\member-license.service.ts, TypeScript, 0, 0, 0, 0, 0, 0, 0, 0, 71, 0, 0, 0, 0, 9, 10, 90
c:\Users\tadak\source\repos\XYZ-To-Do\src\app\model\services\member-setting.service.spec.ts, TypeScript, 0, 0, 0, 0, 0, 0, 0, 0, 12, 0, 0, 0, 0, 1, 4, 17
c:\Users\tadak\source\repos\XYZ-To-Do\src\app\model\services\member-setting.service.ts, TypeScript, 0, 0, 0, 0, 0, 0, 0, 0, 30, 0, 0, 0, 0, 0, 6, 36
c:\Users\tadak\source\repos\XYZ-To-Do\src\app\model\services\members.service.spec.ts, TypeScript, 0, 0, 0, 0, 0, 0, 0, 0, 12, 0, 0, 0, 0, 1, 4, 17
c:\Users\tadak\source\repos\XYZ-To-Do\src\app\model\services\members.service.ts, TypeScript, 0, 0, 0, 0, 0, 0, 0, 0, 47, 0, 0, 0, 0, 1, 9, 57
c:\Users\tadak\source\repos\XYZ-To-Do\src\app\model\services\private-talk-messages.service.ts, TypeScript, 0, 0, 0, 0, 0, 0, 0, 0, 45, 0, 0, 0, 0, 0, 3, 48
c:\Users\tadak\source\repos\XYZ-To-Do\src\app\model\services\private-talk-receivers.service.ts, TypeScript, 0, 0, 0, 0, 0, 0, 0, 0, 55, 0, 0, 0, 0, 0, 6, 61
c:\Users\tadak\source\repos\XYZ-To-Do\src\app\model\services\private-talk-team-receivers.service.ts, TypeScript, 0, 0, 0, 0, 0, 0, 0, 0, 55, 0, 0, 0, 0, 0, 6, 61
c:\Users\tadak\source\repos\XYZ-To-Do\src\app\model\services\private-talks.service.ts, TypeScript, 0, 0, 0, 0, 0, 0, 0, 0, 110, 0, 0, 0, 0, 4, 10, 124
c:\Users\tadak\source\repos\XYZ-To-Do\src\app\model\services\project-to-do-comments.service.spec.ts, TypeScript, 0, 0, 0, 0, 0, 0, 0, 0, 12, 0, 0, 0, 0, 1, 4, 17
c:\Users\tadak\source\repos\XYZ-To-Do\src\app\model\services\project-to-do-comments.service.ts, TypeScript, 0, 0, 0, 0, 0, 0, 0, 0, 37, 0, 0, 0, 0, 0, 3, 40
c:\Users\tadak\source\repos\XYZ-To-Do\src\app\model\services\project-to-dos.service.spec.ts, TypeScript, 0, 0, 0, 0, 0, 0, 0, 0, 9, 0, 0, 0, 0, 0, 4, 13
c:\Users\tadak\source\repos\XYZ-To-Do\src\app\model\services\project-to-dos.service.ts, TypeScript, 0, 0, 0, 0, 0, 0, 0, 0, 62, 0, 0, 0, 0, 1, 3, 66
c:\Users\tadak\source\repos\XYZ-To-Do\src\app\model\services\projects.service.spec.ts, TypeScript, 0, 0, 0, 0, 0, 0, 0, 0, 9, 0, 0, 0, 0, 0, 4, 13
c:\Users\tadak\source\repos\XYZ-To-Do\src\app\model\services\projects.service.ts, TypeScript, 0, 0, 0, 0, 0, 0, 0, 0, 73, 0, 0, 0, 0, 3, 7, 83
c:\Users\tadak\source\repos\XYZ-To-Do\src\app\model\services\quick-to-do-comments.service.spec.ts, TypeScript, 0, 0, 0, 0, 0, 0, 0, 0, 12, 0, 0, 0, 0, 1, 4, 17
c:\Users\tadak\source\repos\XYZ-To-Do\src\app\model\services\quick-to-do-comments.service.ts, TypeScript, 0, 0, 0, 0, 0, 0, 0, 0, 37, 0, 0, 0, 0, 0, 3, 40
c:\Users\tadak\source\repos\XYZ-To-Do\src\app\model\services\quick-to-dos.service.spec.ts, TypeScript, 0, 0, 0, 0, 0, 0, 0, 0, 12, 0, 0, 0, 0, 1, 4, 17
c:\Users\tadak\source\repos\XYZ-To-Do\src\app\model\services\quick-to-dos.service.ts, TypeScript, 0, 0, 0, 0, 0, 0, 0, 0, 65, 0, 0, 0, 0, 1, 5, 71
c:\Users\tadak\source\repos\XYZ-To-Do\src\app\model\services\shared\data.service.spec.ts, TypeScript, 0, 0, 0, 0, 0, 0, 0, 0, 12, 0, 0, 0, 0, 1, 4, 17
c:\Users\tadak\source\repos\XYZ-To-Do\src\app\model\services\shared\data.service.ts, TypeScript, 0, 0, 0, 0, 0, 0, 0, 0, 19, 0, 0, 0, 0, 6, 17, 42
c:\Users\tadak\source\repos\XYZ-To-Do\src\app\model\services\shared\switch-hour-data.service.spec.ts, TypeScript, 0, 0, 0, 0, 0, 0, 0, 0, 12, 0, 0, 0, 0, 1, 4, 17
c:\Users\tadak\source\repos\XYZ-To-Do\src\app\model\services\shared\switch-hour-data.service.ts, TypeScript, 0, 0, 0, 0, 0, 0, 0, 0, 8, 0, 0, 0, 0, 1, 4, 13
c:\Users\tadak\source\repos\XYZ-To-Do\src\app\model\services\team-members.service.spec.ts, TypeScript, 0, 0, 0, 0, 0, 0, 0, 0, 9, 0, 0, 0, 0, 0, 4, 13
c:\Users\tadak\source\repos\XYZ-To-Do\src\app\model\services\team-members.service.ts, TypeScript, 0, 0, 0, 0, 0, 0, 0, 0, 68, 0, 0, 0, 0, 1, 6, 75
c:\Users\tadak\source\repos\XYZ-To-Do\src\app\model\services\teams.service.spec.ts, TypeScript, 0, 0, 0, 0, 0, 0, 0, 0, 9, 0, 0, 0, 0, 0, 4, 13
c:\Users\tadak\source\repos\XYZ-To-Do\src\app\model\services\teams.service.ts, TypeScript, 0, 0, 0, 0, 0, 0, 0, 0, 61, 0, 0, 0, 0, 8, 8, 77
c:\Users\tadak\source\repos\XYZ-To-Do\src\app\model\services\time.service.spec.ts, TypeScript, 0, 0, 0, 0, 0, 0, 0, 0, 12, 0, 0, 0, 0, 1, 4, 17
c:\Users\tadak\source\repos\XYZ-To-Do\src\app\model\services\time.service.ts, TypeScript, 0, 0, 0, 0, 0, 0, 0, 0, 27, 0, 0, 0, 0, 0, 7, 34
c:\Users\tadak\source\repos\XYZ-To-Do\src\app\model\signalr-services\comment-signalr.service.spec.ts, TypeScript, 0, 0, 0, 0, 0, 0, 0, 0, 12, 0, 0, 0, 0, 1, 4, 17
c:\Users\tadak\source\repos\XYZ-To-Do\src\app\model\signalr-services\comment-signalr.service.ts, TypeScript, 0, 0, 0, 0, 0, 0, 0, 0, 0, 0, 0, 0, 0, 74, 15, 89
c:\Users\tadak\source\repos\XYZ-To-Do\src\app\model\signalr-services\container-blob-signalr.service.spec.ts, TypeScript, 0, 0, 0, 0, 0, 0, 0, 0, 12, 0, 0, 0, 0, 1, 4, 17
c:\Users\tadak\source\repos\XYZ-To-Do\src\app\model\signalr-services\container-blob-signalr.service.ts, TypeScript, 0, 0, 0, 0, 0, 0, 0, 0, 0, 0, 0, 0, 0, 56, 8, 64
c:\Users\tadak\source\repos\XYZ-To-Do\src\app\model\signalr-services\container-signalr.service.spec.ts, TypeScript, 0, 0, 0, 0, 0, 0, 0, 0, 12, 0, 0, 0, 0, 1, 4, 17
c:\Users\tadak\source\repos\XYZ-To-Do\src\app\model\signalr-services\container-signalr.service.ts, TypeScript, 0, 0, 0, 0, 0, 0, 0, 0, 0, 0, 0, 0, 0, 56, 8, 64
c:\Users\tadak\source\repos\XYZ-To-Do\src\app\model\signalr-services\private-talk-message-signalr.service.ts, TypeScript, 0, 0, 0, 0, 0, 0, 0, 0, 0, 0, 0, 0, 0, 52, 9, 61
c:\Users\tadak\source\repos\XYZ-To-Do\src\app\model\signalr-services\private-talk-signalr.service.ts, TypeScript, 0, 0, 0, 0, 0, 0, 0, 0, 0, 0, 0, 0, 0, 62, 16, 78
c:\Users\tadak\source\repos\XYZ-To-Do\src\app\model\signalr-services\project-signalr.service.spec.ts, TypeScript, 0, 0, 0, 0, 0, 0, 0, 0, 12, 0, 0, 0, 0, 1, 4, 17
c:\Users\tadak\source\repos\XYZ-To-Do\src\app\model\signalr-services\project-signalr.service.ts, TypeScript, 0, 0, 0, 0, 0, 0, 0, 0, 0, 0, 0, 0, 0, 65, 7, 72
c:\Users\tadak\source\repos\XYZ-To-Do\src\app\model\signalr-services\project-to-do-signalr.service.spec.ts, TypeScript, 0, 0, 0, 0, 0, 0, 0, 0, 12, 0, 0, 0, 0, 1, 4, 17
c:\Users\tadak\source\repos\XYZ-To-Do\src\app\model\signalr-services\project-to-do-signalr.service.ts, TypeScript, 0, 0, 0, 0, 0, 0, 0, 0, 0, 0, 0, 0, 0, 65, 9, 74
c:\Users\tadak\source\repos\XYZ-To-Do\src\app\model\signalr-services\quick-to-do-signalr.service.spec.ts, TypeScript, 0, 0, 0, 0, 0, 0, 0, 0, 12, 0, 0, 0, 0, 1, 4, 17
c:\Users\tadak\source\repos\XYZ-To-Do\src\app\model\signalr-services\quick-to-do-signalr.service.ts, TypeScript, 0, 0, 0, 0, 0, 0, 0, 0, 0, 0, 0, 0, 0, 67, 12, 79
c:\Users\tadak\source\repos\XYZ-To-Do\src\app\model\signalr-services\team-member-signalr.service.spec.ts, TypeScript, 0, 0, 0, 0, 0, 0, 0, 0, 12, 0, 0, 0, 0, 1, 4, 17
c:\Users\tadak\source\repos\XYZ-To-Do\src\app\model\signalr-services\team-member-signalr.service.ts, TypeScript, 0, 0, 0, 0, 0, 0, 0, 0, 0, 0, 0, 0, 0, 64, 15, 79
c:\Users\tadak\source\repos\XYZ-To-Do\src\app\model\signalr-services\xyzeki-signalr.service.spec.ts, TypeScript, 0, 0, 0, 0, 0, 0, 0, 0, 12, 0, 0, 0, 0, 1, 4, 17
c:\Users\tadak\source\repos\XYZ-To-Do\src\app\model\signalr-services\xyzeki-signalr.service.ts, TypeScript, 0, 0, 0, 0, 0, 0, 0, 0, 281, 0, 0, 0, 0, 22, 51, 354
c:\Users\tadak\source\repos\XYZ-To-Do\src\app\model\task-order.model.ts, TypeScript, 0, 0, 0, 0, 0, 0, 0, 0, 6, 0, 0, 0, 0, 0, 3, 9
c:\Users\tadak\source\repos\XYZ-To-Do\src\app\model\team-member.model..ts, TypeScript, 0, 0, 0, 0, 0, 0, 0, 0, 9, 0, 0, 0, 0, 0, 1, 10
c:\Users\tadak\source\repos\XYZ-To-Do\src\app\model\team.model.ts, TypeScript, 0, 0, 0, 0, 0, 0, 0, 0, 11, 0, 0, 0, 0, 3, 6, 20
c:\Users\tadak\source\repos\XYZ-To-Do\src\app\model\tuple.model.ts, TypeScript, 0, 0, 0, 0, 0, 0, 0, 0, 8, 0, 0, 0, 0, 1, 3, 12
c:\Users\tadak\source\repos\XYZ-To-Do\src\app\my-TS-workout.ts, TypeScript, 0, 0, 0, 0, 0, 0, 0, 0, 0, 0, 0, 0, 0, 76, 20, 96
c:\Users\tadak\source\repos\XYZ-To-Do\src\app\my-TS-workout2.ts.ts, TypeScript, 0, 0, 0, 0, 0, 0, 0, 0, 0, 0, 0, 0, 0, 63, 19, 82
c:\Users\tadak\source\repos\XYZ-To-Do\src\app\navbar\nav-profile\nav-profile.component.css, CSS, 0, 0, 0, 0, 0, 0, 0, 0, 0, 37, 0, 0, 0, 7, 6, 50
c:\Users\tadak\source\repos\XYZ-To-Do\src\app\navbar\nav-profile\nav-profile.component.html, HTML, 0, 0, 0, 0, 0, 0, 0, 15, 0, 0, 0, 0, 0, 0, 1, 16
c:\Users\tadak\source\repos\XYZ-To-Do\src\app\navbar\nav-profile\nav-profile.component.spec.ts, TypeScript, 0, 0, 0, 0, 0, 0, 0, 0, 22, 0, 0, 0, 0, 1, 6, 29
c:\Users\tadak\source\repos\XYZ-To-Do\src\app\navbar\nav-profile\nav-profile.component.ts, TypeScript, 0, 0, 0, 0, 0, 0, 0, 0, 19, 0, 0, 0, 0, 0, 5, 24
c:\Users\tadak\source\repos\XYZ-To-Do\src\app\navbar\navbar-secondary\navbar-secondary.component.css, CSS, 0, 0, 0, 0, 0, 0, 0, 0, 0, 0, 0, 0, 0, 0, 1, 1
c:\Users\tadak\source\repos\XYZ-To-Do\src\app\navbar\navbar-secondary\navbar-secondary.component.html, HTML, 0, 0, 0, 0, 0, 0, 0, 0, 0, 0, 0, 0, 0, 0, 1, 1
c:\Users\tadak\source\repos\XYZ-To-Do\src\app\navbar\navbar-secondary\navbar-secondary.component.spec.ts, TypeScript, 0, 0, 0, 0, 0, 0, 0, 0, 22, 0, 0, 0, 0, 1, 6, 29
c:\Users\tadak\source\repos\XYZ-To-Do\src\app\navbar\navbar-secondary\navbar-secondary.component.ts, TypeScript, 0, 0, 0, 0, 0, 0, 0, 0, 12, 0, 0, 0, 0, 0, 5, 17
c:\Users\tadak\source\repos\XYZ-To-Do\src\app\navbar\navbar.module.ts, TypeScript, 0, 0, 0, 0, 0, 0, 0, 0, 19, 0, 0, 0, 0, 0, 2, 21
c:\Users\tadak\source\repos\XYZ-To-Do\src\app\navbar\navbar\navbar.component.css, CSS, 0, 0, 0, 0, 0, 0, 0, 0, 0, 84, 0, 0, 0, 7, 17, 108
c:\Users\tadak\source\repos\XYZ-To-Do\src\app\navbar\navbar\navbar.component.html, HTML, 0, 0, 0, 0, 0, 0, 0, 81, 0, 0, 0, 0, 0, 0, 25, 106
c:\Users\tadak\source\repos\XYZ-To-Do\src\app\navbar\navbar\navbar.component.spec.ts, TypeScript, 0, 0, 0, 0, 0, 0, 0, 0, 22, 0, 0, 0, 0, 1, 6, 29
c:\Users\tadak\source\repos\XYZ-To-Do\src\app\navbar\navbar\navbar.component.ts, TypeScript, 0, 0, 0, 0, 0, 0, 0, 0, 20, 0, 0, 0, 0, 2, 9, 31
c:\Users\tadak\source\repos\XYZ-To-Do\src\app\private-talk\_directives\li-animate.directive.spec.ts, TypeScript, 0, 0, 0, 0, 0, 0, 0, 0, 7, 0, 0, 0, 0, 0, 2, 9
c:\Users\tadak\source\repos\XYZ-To-Do\src\app\private-talk\_directives\li-animate.directive.ts, TypeScript, 0, 0, 0, 0, 0, 0, 0, 0, 13, 0, 0, 0, 0, 0, 6, 19
c:\Users\tadak\source\repos\XYZ-To-Do\src\app\private-talk\edit-receivers\edit-receivers.component.css, CSS, 0, 0, 0, 0, 0, 0, 0, 0, 0, 68, 0, 0, 0, 3, 6, 77
c:\Users\tadak\source\repos\XYZ-To-Do\src\app\private-talk\edit-receivers\edit-receivers.component.html, HTML, 0, 0, 0, 0, 0, 0, 0, 81, 0, 0, 0, 0, 0, 7, 12, 100
c:\Users\tadak\source\repos\XYZ-To-Do\src\app\private-talk\edit-receivers\edit-receivers.component.spec.ts, TypeScript, 0, 0, 0, 0, 0, 0, 0, 0, 22, 0, 0, 0, 0, 1, 6, 29
c:\Users\tadak\source\repos\XYZ-To-Do\src\app\private-talk\edit-receivers\edit-receivers.component.ts, TypeScript, 0, 0, 0, 0, 0, 0, 0, 0, 178, 0, 0, 0, 0, 19, 52, 249
c:\Users\tadak\source\repos\XYZ-To-Do\src\app\private-talk\my-private-talks\my-private-talks.component.css, CSS, 0, 0, 0, 0, 0, 0, 0, 0, 0, 307, 0, 0, 0, 6, 56, 369
c:\Users\tadak\source\repos\XYZ-To-Do\src\app\private-talk\my-private-talks\my-private-talks.component.html, HTML, 0, 0, 0, 0, 0, 0, 0, 178, 0, 0, 0, 0, 0, 8, 28, 214
c:\Users\tadak\source\repos\XYZ-To-Do\src\app\private-talk\my-private-talks\my-private-talks.component.spec.ts, TypeScript, 0, 0, 0, 0, 0, 0, 0, 0, 22, 0, 0, 0, 0, 1, 6, 29
c:\Users\tadak\source\repos\XYZ-To-Do\src\app\private-talk\my-private-talks\my-private-talks.component.ts, TypeScript, 0, 0, 0, 0, 0, 0, 0, 0, 246, 0, 0, 0, 0, 10, 63, 319
c:\Users\tadak\source\repos\XYZ-To-Do\src\app\private-talk\private-talk-messages\private-talk-messages.component.css, CSS, 0, 0, 0, 0, 0, 0, 0, 0, 0, 396, 0, 0, 0, 14, 45, 455
c:\Users\tadak\source\repos\XYZ-To-Do\src\app\private-talk\private-talk-messages\private-talk-messages.component.html, HTML, 0, 0, 0, 0, 0, 0, 0, 199, 0, 0, 0, 0, 0, 11, 36, 246
c:\Users\tadak\source\repos\XYZ-To-Do\src\app\private-talk\private-talk-messages\private-talk-messages.component.spec.ts, TypeScript, 0, 0, 0, 0, 0, 0, 0, 0, 22, 0, 0, 0, 0, 1, 6, 29
c:\Users\tadak\source\repos\XYZ-To-Do\src\app\private-talk\private-talk-messages\private-talk-messages.component.ts, TypeScript, 0, 0, 0, 0, 0, 0, 0, 0, 261, 0, 0, 0, 0, 18, 67, 346
c:\Users\tadak\source\repos\XYZ-To-Do\src\app\private-talk\private-talk.module.ts, TypeScript, 0, 0, 0, 0, 0, 0, 0, 0, 27, 0, 0, 0, 0, 0, 5, 32
c:\Users\tadak\source\repos\XYZ-To-Do\src\app\private-talk\receivers\receivers.component.css, CSS, 0, 0, 0, 0, 0, 0, 0, 0, 0, 43, 0, 0, 0, 0, 10, 53
c:\Users\tadak\source\repos\XYZ-To-Do\src\app\private-talk\receivers\receivers.component.html, HTML, 0, 0, 0, 0, 0, 0, 0, 56, 0, 0, 0, 0, 0, 36, 10, 102
c:\Users\tadak\source\repos\XYZ-To-Do\src\app\private-talk\receivers\receivers.component.spec.ts, TypeScript, 0, 0, 0, 0, 0, 0, 0, 0, 22, 0, 0, 0, 0, 1, 6, 29
c:\Users\tadak\source\repos\XYZ-To-Do\src\app\private-talk\receivers\receivers.component.ts, TypeScript, 0, 0, 0, 0, 0, 0, 0, 0, 107, 0, 0, 0, 0, 7, 25, 139
c:\Users\tadak\source\repos\XYZ-To-Do\src\app\project\project.module.ts, TypeScript, 0, 0, 0, 0, 0, 0, 0, 0, 27, 0, 0, 0, 0, 0, 3, 30
c:\Users\tadak\source\repos\XYZ-To-Do\src\app\project\projects\my-projects\my-projects.component.css, CSS, 0, 0, 0, 0, 0, 0, 0, 0, 0, 124, 0, 0, 0, 15, 14, 153
c:\Users\tadak\source\repos\XYZ-To-Do\src\app\project\projects\my-projects\my-projects.component.html, HTML, 0, 0, 0, 0, 0, 0, 0, 204, 0, 0, 0, 0, 0, 5, 28, 237
c:\Users\tadak\source\repos\XYZ-To-Do\src\app\project\projects\my-projects\my-projects.component.spec.ts, TypeScript, 0, 0, 0, 0, 0, 0, 0, 0, 20, 0, 0, 0, 0, 0, 6, 26
c:\Users\tadak\source\repos\XYZ-To-Do\src\app\project\projects\my-projects\my-projects.component.ts, TypeScript, 0, 0, 0, 0, 0, 0, 0, 0, 225, 0, 0, 0, 0, 10, 47, 282
c:\Users\tadak\source\repos\XYZ-To-Do\src\app\project\projects\project-to-dos\project-to-dos.component.css, CSS, 0, 0, 0, 0, 0, 0, 0, 0, 0, 383, 0, 0, 0, 25, 72, 480
c:\Users\tadak\source\repos\XYZ-To-Do\src\app\project\projects\project-to-dos\project-to-dos.component.html, HTML, 0, 0, 0, 0, 0, 0, 0, 673, 0, 0, 0, 0, 0, 27, 103, 803
c:\Users\tadak\source\repos\XYZ-To-Do\src\app\project\projects\project-to-dos\project-to-dos.component.spec.ts, TypeScript, 0, 0, 0, 0, 0, 0, 0, 0, 20, 0, 0, 0, 0, 0, 6, 26
c:\Users\tadak\source\repos\XYZ-To-Do\src\app\project\projects\project-to-dos\project-to-dos.component.ts, TypeScript, 0, 0, 0, 0, 0, 0, 0, 0, 968, 0, 0, 0, 0, 66, 218, 1252
c:\Users\tadak\source\repos\XYZ-To-Do\src\app\project\projects\projects.component.css, CSS, 0, 0, 0, 0, 0, 0, 0, 0, 0, 0, 0, 0, 0, 0, 1, 1
c:\Users\tadak\source\repos\XYZ-To-Do\src\app\project\projects\projects.component.html, HTML, 0, 0, 0, 0, 0, 0, 0, 1, 0, 0, 0, 0, 0, 0, 1, 2
c:\Users\tadak\source\repos\XYZ-To-Do\src\app\project\projects\projects.component.spec.ts, TypeScript, 0, 0, 0, 0, 0, 0, 0, 0, 20, 0, 0, 0, 0, 0, 6, 26
c:\Users\tadak\source\repos\XYZ-To-Do\src\app\project\projects\projects.component.ts, TypeScript, 0, 0, 0, 0, 0, 0, 0, 0, 11, 0, 0, 0, 0, 0, 5, 16
c:\Users\tadak\source\repos\XYZ-To-Do\src\app\team\team.module.ts, TypeScript, 0, 0, 0, 0, 0, 0, 0, 0, 19, 0, 0, 0, 0, 0, 2, 21
c:\Users\tadak\source\repos\XYZ-To-Do\src\app\team\teams\incoming-invitations\incoming-invitations.component.css, CSS, 0, 0, 0, 0, 0, 0, 0, 0, 0, 26, 0, 0, 0, 0, 0, 26
c:\Users\tadak\source\repos\XYZ-To-Do\src\app\team\teams\incoming-invitations\incoming-invitations.component.html, HTML, 0, 0, 0, 0, 0, 0, 0, 86, 0, 0, 0, 0, 0, 10, 7, 103
c:\Users\tadak\source\repos\XYZ-To-Do\src\app\team\teams\incoming-invitations\incoming-invitations.component.spec.ts, TypeScript, 0, 0, 0, 0, 0, 0, 0, 0, 22, 0, 0, 0, 0, 1, 6, 29
c:\Users\tadak\source\repos\XYZ-To-Do\src\app\team\teams\incoming-invitations\incoming-invitations.component.ts, TypeScript, 0, 0, 0, 0, 0, 0, 0, 0, 45, 0, 0, 0, 0, 6, 9, 60
c:\Users\tadak\source\repos\XYZ-To-Do\src\app\team\teams\my-teams\my-teams.component.css, CSS, 0, 0, 0, 0, 0, 0, 0, 0, 0, 74, 0, 0, 0, 0, 8, 82
c:\Users\tadak\source\repos\XYZ-To-Do\src\app\team\teams\my-teams\my-teams.component.html, HTML, 0, 0, 0, 0, 0, 0, 0, 121, 0, 0, 0, 0, 0, 7, 14, 142
c:\Users\tadak\source\repos\XYZ-To-Do\src\app\team\teams\my-teams\my-teams.component.spec.ts, TypeScript, 0, 0, 0, 0, 0, 0, 0, 0, 20, 0, 0, 0, 0, 0, 6, 26
c:\Users\tadak\source\repos\XYZ-To-Do\src\app\team\teams\my-teams\my-teams.component.ts, TypeScript, 0, 0, 0, 0, 0, 0, 0, 0, 142, 0, 0, 0, 0, 6, 25, 173
c:\Users\tadak\source\repos\XYZ-To-Do\src\app\team\teams\team-members\team-members.component.css, CSS, 0, 0, 0, 0, 0, 0, 0, 0, 0, 68, 0, 0, 0, 0, 5, 73
c:\Users\tadak\source\repos\XYZ-To-Do\src\app\team\teams\team-members\team-members.component.html, HTML, 0, 0, 0, 0, 0, 0, 0, 184, 0, 0, 0, 0, 0, 7, 23, 214
c:\Users\tadak\source\repos\XYZ-To-Do\src\app\team\teams\team-members\team-members.component.spec.ts, TypeScript, 0, 0, 0, 0, 0, 0, 0, 0, 20, 0, 0, 0, 0, 0, 6, 26
c:\Users\tadak\source\repos\XYZ-To-Do\src\app\team\teams\team-members\team-members.component.ts, TypeScript, 0, 0, 0, 0, 0, 0, 0, 0, 140, 0, 0, 0, 0, 35, 36, 211
c:\Users\tadak\source\repos\XYZ-To-Do\src\app\team\teams\teams.component.css, CSS, 0, 0, 0, 0, 0, 0, 0, 0, 0, 0, 0, 0, 0, 0, 1, 1
c:\Users\tadak\source\repos\XYZ-To-Do\src\app\team\teams\teams.component.html, HTML, 0, 0, 0, 0, 0, 0, 0, 1, 0, 0, 0, 0, 0, 2, 5, 8
c:\Users\tadak\source\repos\XYZ-To-Do\src\app\team\teams\teams.component.spec.ts, TypeScript, 0, 0, 0, 0, 0, 0, 0, 0, 20, 0, 0, 0, 0, 0, 6, 26
c:\Users\tadak\source\repos\XYZ-To-Do\src\app\team\teams\teams.component.ts, TypeScript, 0, 0, 0, 0, 0, 0, 0, 0, 12, 0, 0, 0, 0, 0, 5, 17
c:\Users\tadak\source\repos\XYZ-To-Do\src\app\ui-tools\assign-autocomplete\assign-autocomplete.component.css, CSS, 0, 0, 0, 0, 0, 0, 0, 0, 0, 217, 0, 0, 0, 16, 37, 270
c:\Users\tadak\source\repos\XYZ-To-Do\src\app\ui-tools\assign-autocomplete\assign-autocomplete.component.html, HTML, 0, 0, 0, 0, 0, 0, 0, 149, 0, 0, 0, 0, 0, 5, 17, 171
c:\Users\tadak\source\repos\XYZ-To-Do\src\app\ui-tools\assign-autocomplete\assign-autocomplete.component.spec.ts, TypeScript, 0, 0, 0, 0, 0, 0, 0, 0, 22, 0, 0, 0, 0, 1, 6, 29
c:\Users\tadak\source\repos\XYZ-To-Do\src\app\ui-tools\assign-autocomplete\assign-autocomplete.component.ts, TypeScript, 0, 0, 0, 0, 0, 0, 0, 0, 130, 0, 0, 0, 0, 13, 46, 189
c:\Users\tadak\source\repos\XYZ-To-Do\src\app\ui-tools\mat-search-bar\mat-search-bar.component.html, HTML, 0, 0, 0, 0, 0, 0, 0, 16, 0, 0, 0, 0, 0, 2, 4, 22
c:\Users\tadak\source\repos\XYZ-To-Do\src\app\ui-tools\mat-search-bar\mat-search-bar.component.scss, SCSS, 0, 0, 0, 0, 0, 0, 0, 0, 0, 0, 0, 51, 0, 18, 6, 75
c:\Users\tadak\source\repos\XYZ-To-Do\src\app\ui-tools\mat-search-bar\mat-search-bar.component.spec.ts, TypeScript, 0, 0, 0, 0, 0, 0, 0, 0, 20, 0, 0, 0, 0, 0, 6, 26
c:\Users\tadak\source\repos\XYZ-To-Do\src\app\ui-tools\mat-search-bar\mat-search-bar.component.ts, TypeScript, 0, 0, 0, 0, 0, 0, 0, 0, 91, 0, 0, 0, 0, 2, 18, 111
c:\Users\tadak\source\repos\XYZ-To-Do\src\app\ui-tools\quick-search\quick-search.component.css, CSS, 0, 0, 0, 0, 0, 0, 0, 0, 0, 0, 0, 0, 0, 0, 1, 1
c:\Users\tadak\source\repos\XYZ-To-Do\src\app\ui-tools\quick-search\quick-search.component.html, HTML, 0, 0, 0, 0, 0, 0, 0, 3, 0, 0, 0, 0, 0, 0, 1, 4
c:\Users\tadak\source\repos\XYZ-To-Do\src\app\ui-tools\quick-search\quick-search.component.ts, TypeScript, 0, 0, 0, 0, 0, 0, 0, 0, 12, 0, 0, 0, 0, 0, 5, 17
c:\Users\tadak\source\repos\XYZ-To-Do\src\app\ui-tools\quick-search\quick-search.module.ts, TypeScript, 0, 0, 0, 0, 0, 0, 0, 0, 22, 0, 0, 0, 0, 1, 3, 26
c:\Users\tadak\source\repos\XYZ-To-Do\src\app\ui-tools\switch-day\switch-day.component.css, CSS, 0, 0, 0, 0, 0, 0, 0, 0, 0, 390, 0, 0, 0, 21, 37, 448
c:\Users\tadak\source\repos\XYZ-To-Do\src\app\ui-tools\switch-day\switch-day.component.html, HTML, 0, 0, 0, 0, 0, 0, 0, 59, 0, 0, 0, 0, 0, 7, 13, 79
c:\Users\tadak\source\repos\XYZ-To-Do\src\app\ui-tools\switch-day\switch-day.component.spec.ts, TypeScript, 0, 0, 0, 0, 0, 0, 0, 0, 22, 0, 0, 0, 0, 1, 6, 29
c:\Users\tadak\source\repos\XYZ-To-Do\src\app\ui-tools\switch-day\switch-day.component.ts, TypeScript, 0, 0, 0, 0, 0, 0, 0, 0, 309, 0, 0, 0, 0, 12, 43, 364
c:\Users\tadak\source\repos\XYZ-To-Do\src\app\ui-tools\switch-hour\switch-hour.component.css, CSS, 0, 0, 0, 0, 0, 0, 0, 0, 0, 49, 0, 0, 0, 0, 7, 56
c:\Users\tadak\source\repos\XYZ-To-Do\src\app\ui-tools\switch-hour\switch-hour.component.html, HTML, 0, 0, 0, 0, 0, 0, 0, 11, 0, 0, 0, 0, 0, 3, 0, 14
c:\Users\tadak\source\repos\XYZ-To-Do\src\app\ui-tools\switch-hour\switch-hour.component.spec.ts, TypeScript, 0, 0, 0, 0, 0, 0, 0, 0, 22, 0, 0, 0, 0, 1, 6, 29
c:\Users\tadak\source\repos\XYZ-To-Do\src\app\ui-tools\switch-hour\switch-hour.component.ts, TypeScript, 0, 0, 0, 0, 0, 0, 0, 0, 180, 0, 0, 0, 0, 4, 32, 216
c:\Users\tadak\source\repos\XYZ-To-Do\src\app\ui-tools\ui-tools.module.ts, TypeScript, 0, 0, 0, 0, 0, 0, 0, 0, 23, 0, 0, 0, 0, 0, 2, 25
c:\Users\tadak\source\repos\XYZ-To-Do\src\app\ui-tools\util\abstract-value-accessor.ts, TypeScript, 0, 0, 0, 0, 0, 0, 0, 0, 20, 0, 0, 0, 0, 21, 6, 47
c:\Users\tadak\source\repos\XYZ-To-Do\src\assets\arc.svg, XML, 0, 0, 13, 0, 0, 0, 0, 0, 0, 0, 0, 0, 0, 1, 1, 15
c:\Users\tadak\source\repos\XYZ-To-Do\src\assets\archieve.svg, XML, 0, 0, 109, 0, 0, 0, 0, 0, 0, 0, 0, 0, 0, 1, 1, 111
c:\Users\tadak\source\repos\XYZ-To-Do\src\assets\brainstorm.svg, XML, 0, 0, 1, 0, 0, 0, 0, 0, 0, 0, 0, 0, 0, 0, 0, 1
c:\Users\tadak\source\repos\XYZ-To-Do\src\assets\cancel.svg, XML, 0, 0, 2, 0, 0, 0, 0, 0, 0, 0, 0, 0, 0, 0, 1, 3
c:\Users\tadak\source\repos\XYZ-To-Do\src\assets\closed-envelope.svg, XML, 0, 0, 22, 0, 0, 0, 0, 0, 0, 0, 0, 0, 0, 0, 16, 38
c:\Users\tadak\source\repos\XYZ-To-Do\src\assets\comment-note.svg, XML, 0, 0, 20, 0, 0, 0, 0, 0, 0, 0, 0, 0, 0, 1, 1, 22
c:\Users\tadak\source\repos\XYZ-To-Do\src\assets\comment-noteBlue.svg, XML, 0, 0, 20, 0, 0, 0, 0, 0, 0, 0, 0, 0, 0, 1, 1, 22
c:\Users\tadak\source\repos\XYZ-To-Do\src\assets\deArc.svg, XML, 0, 0, 62, 0, 0, 0, 0, 0, 0, 0, 0, 0, 0, 1, 1, 64
c:\Users\tadak\source\repos\XYZ-To-Do\src\assets\deArc2.svg, XML, 0, 0, 8, 0, 0, 0, 0, 0, 0, 0, 0, 0, 0, 0, 1, 9
c:\Users\tadak\source\repos\XYZ-To-Do\src\assets\edit.svg, XML, 0, 0, 35, 0, 0, 0, 0, 0, 0, 0, 0, 0, 0, 0, 16, 51
c:\Users\tadak\source\repos\XYZ-To-Do\src\assets\emoji\dizzy.svg, XML, 0, 0, 69, 0, 0, 0, 0, 0, 0, 0, 0, 0, 0, 1, 1, 71
c:\Users\tadak\source\repos\XYZ-To-Do\src\assets\gear.svg, XML, 0, 0, 40, 0, 0, 0, 0, 0, 0, 0, 0, 0, 0, 1, 1, 42
c:\Users\tadak\source\repos\XYZ-To-Do\src\assets\google-chrome-1.svg, XML, 0, 0, 1, 0, 0, 0, 0, 0, 0, 0, 0, 0, 0, 0, 0, 1
c:\Users\tadak\source\repos\XYZ-To-Do\src\assets\google-play-icon.svg, XML, 0, 0, 157, 0, 0, 0, 0, 0, 0, 0, 0, 0, 0, 1, 5, 163
c:\Users\tadak\source\repos\XYZ-To-Do\src\assets\group.svg, XML, 0, 0, 17, 0, 0, 0, 0, 0, 0, 0, 0, 0, 0, 1, 1, 19
c:\Users\tadak\source\repos\XYZ-To-Do\src\assets\logo.svg, XML, 0, 0, 42, 0, 0, 0, 0, 0, 0, 0, 0, 0, 0, 1, 1, 44
c:\Users\tadak\source\repos\XYZ-To-Do\src\assets\more.svg, XML, 0, 0, 23, 0, 0, 0, 0, 0, 0, 0, 0, 0, 0, 0, 16, 39
c:\Users\tadak\source\repos\XYZ-To-Do\src\assets\more2.svg, XML, 0, 0, 21, 0, 0, 0, 0, 0, 0, 0, 0, 0, 0, 0, 16, 37
c:\Users\tadak\source\repos\XYZ-To-Do\src\assets\moveHead1.svg, XML, 0, 0, 48, 0, 0, 0, 0, 0, 0, 0, 0, 0, 0, 1, 1, 50
c:\Users\tadak\source\repos\XYZ-To-Do\src\assets\moveHead2.svg, XML, 0, 0, 52, 0, 0, 0, 0, 0, 0, 0, 0, 0, 0, 1, 1, 54
c:\Users\tadak\source\repos\XYZ-To-Do\src\assets\moveHeadX.svg, XML, 0, 0, 36, 0, 0, 0, 0, 0, 0, 0, 0, 0, 0, 1, 1, 38
c:\Users\tadak\source\repos\XYZ-To-Do\src\assets\pastToDos.svg, XML, 0, 0, 13, 0, 0, 0, 0, 0, 0, 0, 0, 0, 0, 1, 1, 15
c:\Users\tadak\source\repos\XYZ-To-Do\src\assets\pastToDos2.svg, XML, 0, 0, 14, 0, 0, 0, 0, 0, 0, 0, 0, 0, 0, 1, 1, 16
c:\Users\tadak\source\repos\XYZ-To-Do\src\assets\pm.svg, XML, 0, 0, 79, 0, 0, 0, 0, 0, 0, 0, 0, 0, 0, 1, 1, 81
c:\Users\tadak\source\repos\XYZ-To-Do\src\assets\pwa-app.svg, XML, 0, 0, 9, 0, 0, 0, 0, 0, 0, 0, 0, 0, 0, 0, 0, 9
c:\Users\tadak\source\repos\XYZ-To-Do\src\assets\remove.svg, XML, 0, 0, 40, 0, 0, 0, 0, 0, 0, 0, 0, 0, 0, 1, 1, 42
c:\Users\tadak\source\repos\XYZ-To-Do\src\assets\schedule.svg, XML, 0, 0, 42, 0, 0, 0, 0, 0, 0, 0, 0, 0, 0, 1, 1, 44
c:\Users\tadak\source\repos\XYZ-To-Do\src\assets\share.svg, XML, 0, 0, 43, 0, 0, 0, 0, 0, 0, 0, 0, 0, 0, 1, 1, 45
c:\Users\tadak\source\repos\XYZ-To-Do\src\assets\share2.svg, XML, 0, 0, 102, 0, 0, 0, 0, 0, 0, 0, 0, 0, 0, 1, 9, 112
c:\Users\tadak\source\repos\XYZ-To-Do\src\assets\tickEmail.svg, XML, 0, 0, 17, 0, 0, 0, 0, 0, 0, 0, 0, 0, 0, 1, 2, 20
c:\Users\tadak\source\repos\XYZ-To-Do\src\assets\time-left.svg, XML, 0, 0, 76, 0, 0, 0, 0, 0, 0, 0, 0, 0, 0, 1, 1, 78
c:\Users\tadak\source\repos\XYZ-To-Do\src\assets\untickEmail.svg, XML, 0, 0, 13, 0, 0, 0, 0, 0, 0, 0, 0, 0, 0, 1, 2, 16
c:\Users\tadak\source\repos\XYZ-To-Do\src\assets\untickEmail2.svg, XML, 0, 0, 17, 0, 0, 0, 0, 0, 0, 0, 0, 0, 0, 1, 4, 22
c:\Users\tadak\source\repos\XYZ-To-Do\src\assets\upload2.svg, XML, 0, 0, 1, 0, 0, 0, 0, 0, 0, 0, 0, 0, 0, 0, 0, 1
c:\Users\tadak\source\repos\XYZ-To-Do\src\assets\upload4.svg, XML, 0, 0, 42, 0, 0, 0, 0, 0, 0, 0, 0, 0, 0, 1, 1, 44
c:\Users\tadak\source\repos\XYZ-To-Do\src\assets\upload6.svg, XML, 0, 0, 45, 0, 0, 0, 0, 0, 0, 0, 0, 0, 0, 1, 1, 47
c:\Users\tadak\source\repos\XYZ-To-Do\src\assets\upload7.svg, XML, 0, 0, 1, 0, 0, 0, 0, 0, 0, 0, 0, 0, 0, 0, 0, 1
c:\Users\tadak\source\repos\XYZ-To-Do\src\environments\environment.prod.ts, TypeScript, 0, 0, 0, 0, 0, 0, 0, 0, 3, 0, 0, 0, 0, 0, 1, 4
c:\Users\tadak\source\repos\XYZ-To-Do\src\environments\environment.ts, TypeScript, 0, 0, 0, 0, 0, 0, 0, 0, 3, 0, 0, 0, 0, 11, 3, 17
c:\Users\tadak\source\repos\XYZ-To-Do\src\index.html, HTML, 0, 0, 0, 0, 0, 0, 0, 58, 0, 0, 0, 0, 0, 5, 21, 84
c:\Users\tadak\source\repos\XYZ-To-Do\src\infrastructure\APP_DATE_FORMATS.ts, TypeScript, 0, 0, 0, 0, 0, 0, 0, 0, 12, 0, 0, 0, 0, 0, 0, 12
c:\Users\tadak\source\repos\XYZ-To-Do\src\infrastructure\back-end-server.ts, TypeScript, 0, 0, 0, 0, 0, 0, 0, 0, 1, 0, 0, 0, 0, 6, 1, 8
c:\Users\tadak\source\repos\XYZ-To-Do\src\infrastructure\base64-helpers.ts, TypeScript, 0, 0, 0, 0, 0, 0, 0, 0, 10, 0, 0, 0, 0, 1, 1, 12
c:\Users\tadak\source\repos\XYZ-To-Do\src\infrastructure\custom-NgbDate-parser-formatter.ts, TypeScript, 0, 0, 0, 0, 0, 0, 0, 0, 52, 0, 0, 0, 0, 6, 8, 66
c:\Users\tadak\source\repos\XYZ-To-Do\src\infrastructure\error-codes.enum.ts, TypeScript, 0, 0, 0, 0, 0, 0, 0, 0, 7, 0, 0, 0, 0, 8, 3, 18
c:\Users\tadak\source\repos\XYZ-To-Do\src\infrastructure\front-end-server.ts, TypeScript, 0, 0, 0, 0, 0, 0, 0, 0, 0, 0, 0, 0, 0, 3, 3, 6
c:\Users\tadak\source\repos\XYZ-To-Do\src\infrastructure\google-captcha.ts, TypeScript, 0, 0, 0, 0, 0, 0, 0, 0, 4, 0, 0, 0, 0, 7, 6, 17
c:\Users\tadak\source\repos\XYZ-To-Do\src\infrastructure\interceptor.ts, TypeScript, 0, 0, 0, 0, 0, 0, 0, 0, 14, 0, 0, 0, 0, 2, 5, 21
c:\Users\tadak\source\repos\XYZ-To-Do\src\infrastructure\my-date-adapter.ts, TypeScript, 0, 0, 0, 0, 0, 0, 0, 0, 27, 0, 0, 0, 0, 9, 11, 47
c:\Users\tadak\source\repos\XYZ-To-Do\src\infrastructure\page-sizes.ts, TypeScript, 0, 0, 0, 0, 0, 0, 0, 0, 12, 0, 0, 0, 0, 1, 10, 23
c:\Users\tadak\source\repos\XYZ-To-Do\src\infrastructure\pipes\humanizer.pipe.spec.ts, TypeScript, 0, 0, 0, 0, 0, 0, 0, 0, 7, 0, 0, 0, 0, 0, 2, 9
c:\Users\tadak\source\repos\XYZ-To-Do\src\infrastructure\pipes\humanizer.pipe.ts, TypeScript, 0, 0, 0, 0, 0, 0, 0, 0, 83, 0, 0, 0, 0, 17, 12, 112
c:\Users\tadak\source\repos\XYZ-To-Do\src\infrastructure\pipes\pipes.module.ts, TypeScript, 0, 0, 0, 0, 0, 0, 0, 0, 12, 0, 0, 0, 0, 0, 2, 14
c:\Users\tadak\source\repos\XYZ-To-Do\src\infrastructure\pipes\replace-emojis.pipe.ts, TypeScript, 0, 0, 0, 0, 0, 0, 0, 0, 135, 0, 0, 0, 0, 51, 26, 212
c:\Users\tadak\source\repos\XYZ-To-Do\src\infrastructure\pipes\sort-by-date-time.pipe.spec.ts, TypeScript, 0, 0, 0, 0, 0, 0, 0, 0, 7, 0, 0, 0, 0, 0, 2, 9
c:\Users\tadak\source\repos\XYZ-To-Do\src\infrastructure\pipes\sort-by-date-time.pipe.ts, TypeScript, 0, 0, 0, 0, 0, 0, 0, 0, 17, 0, 0, 0, 0, 5, 4, 26
c:\Users\tadak\source\repos\XYZ-To-Do\src\infrastructure\project-privacy-modes.ts, TypeScript, 0, 0, 0, 0, 0, 0, 0, 0, 7, 0, 0, 0, 0, 1, 0, 8
c:\Users\tadak\source\repos\XYZ-To-Do\src\infrastructure\xyzeki-datetime-infra.ts, TypeScript, 0, 0, 0, 0, 0, 0, 0, 0, 80, 0, 0, 0, 0, 6, 31, 117
c:\Users\tadak\source\repos\XYZ-To-Do\src\karma.conf.js, JavaScript, 0, 0, 0, 0, 0, 0, 29, 0, 0, 0, 0, 0, 0, 2, 2, 33
c:\Users\tadak\source\repos\XYZ-To-Do\src\logo.svg, XML, 0, 0, 42, 0, 0, 0, 0, 0, 0, 0, 0, 0, 0, 1, 1, 44
c:\Users\tadak\source\repos\XYZ-To-Do\src\main.ts, TypeScript, 0, 0, 0, 0, 0, 0, 0, 0, 8, 0, 0, 0, 0, 10, 10, 28
c:\Users\tadak\source\repos\XYZ-To-Do\src\manifest.json, JSON, 52, 0, 0, 0, 0, 0, 0, 0, 0, 0, 0, 0, 0, 0, 1, 53
c:\Users\tadak\source\repos\XYZ-To-Do\src\manifestOriginal.json, JSON, 51, 0, 0, 0, 0, 0, 0, 0, 0, 0, 0, 0, 0, 0, 0, 51
c:\Users\tadak\source\repos\XYZ-To-Do\src\ngsw-config.json, JSON, 12, 0, 0, 0, 0, 0, 0, 0, 0, 0, 0, 0, 0, 18, 0, 30
c:\Users\tadak\source\repos\XYZ-To-Do\src\polyfills.ts, TypeScript, 0, 0, 0, 0, 0, 0, 0, 0, 1, 0, 0, 0, 0, 55, 8, 64
c:\Users\tadak\source\repos\XYZ-To-Do\src\styles.css, CSS, 0, 0, 0, 0, 0, 0, 0, 0, 0, 474, 0, 0, 0, 45, 111, 630
c:\Users\tadak\source\repos\XYZ-To-Do\src\test.ts, TypeScript, 0, 0, 0, 0, 0, 0, 0, 0, 13, 0, 0, 0, 0, 4, 4, 21
c:\Users\tadak\source\repos\XYZ-To-Do\src\tsconfig.app.json, JSON, 9, 0, 0, 0, 0, 0, 0, 0, 0, 0, 0, 0, 0, 3, 0, 12
c:\Users\tadak\source\repos\XYZ-To-Do\src\tsconfig.spec.json, JSON, 18, 0, 0, 0, 0, 0, 0, 0, 0, 0, 0, 0, 0, 0, 1, 19
c:\Users\tadak\source\repos\XYZ-To-Do\src\tslint.json, JSON, 17, 0, 0, 0, 0, 0, 0, 0, 0, 0, 0, 0, 0, 0, 1, 18
c:\Users\tadak\source\repos\XYZ-To-Do\tsconfig.json, JSON, 22, 0, 0, 0, 0, 0, 0, 0, 0, 0, 0, 0, 0, 0, 1, 23
c:\Users\tadak\source\repos\XYZ-To-Do\tslint.json, JSON, 75, 0, 0, 0, 0, 0, 0, 0, 0, 0, 0, 0, 0, 0, 1, 76
Total, -, 32802, 14, 1446, 27, 7006, 7, 53, 4528, 12641, 4866, 698, 51, 1, 4942, 7048, 76130